<?xml version = '1.0' encoding = 'UTF-8'?>
<Diagram class="oracle.dbtools.crest.swingui.logical.DPVLogical" name="Logical" id="98D4E899-5561-67BD-CEF7-D5DB171CBC0D">
<createdBy>mnrk</createdBy>
<modifiedBy>mnrk</modifiedBy>
<createdTime>2019-03-27 21:09:44 UTC</createdTime>
<autoRoute>false</autoRoute>
<boxInbox>true</boxInbox>
<showLegend>false</showLegend>
<showLabels>true</showLabels>
<showRelAttributes>false</showRelAttributes>
<gridEnabled>false</gridEnabled>
<showGrid>false</showGrid>
<diagramColor>-1</diagramColor>
<display>false</display>
<notation>1</notation>
<objectViews>
<OView class="oracle.dbtools.crest.swingui.logical.TVEntity" oid="0EA787F3-620F-8A29-6554-1E23F3ABFF40" otype="Entity" vid="ED5302DD-BA83-8DFA-CBE1-B5E76FE08D63">
<hideElementsInCurrentOnly>false</hideElementsInCurrentOnly>
<bounds x="330" y="441" width="161" height="103"/>
</OView>
<OView class="oracle.dbtools.crest.swingui.logical.TVEntity" oid="28C38900-CD05-91F2-B3A6-8299AFC1C5CB" otype="Entity" vid="61E46BD0-5F59-E6E8-9201-F04DCA693B3C">
<hideElementsInCurrentOnly>false</hideElementsInCurrentOnly>
<bounds x="72" y="437" width="170" height="113"/>
</OView>
<OView class="oracle.dbtools.crest.swingui.logical.TVEntity" oid="2A4D1026-EE69-C287-4B52-BDB03D44CE43" otype="Entity" vid="950AABD8-2469-36AA-3CE7-C31370137CAE">
<hideElementsInCurrentOnly>false</hideElementsInCurrentOnly>
<bounds x="695" y="442" width="140" height="91"/>
</OView>
<OView class="oracle.dbtools.crest.swingui.logical.TVEntity" oid="4027876F-D738-DDCC-7999-218B09B2786C" otype="Entity" vid="126AE8ED-6410-419C-BAA1-F2B4C29047EA">
<hideElementsInCurrentOnly>false</hideElementsInCurrentOnly>
<bounds x="944" y="50" width="142" height="77"/>
</OView>
<OView class="oracle.dbtools.crest.swingui.logical.TVEntity" oid="4CD06EFD-07A9-27D9-0014-A74E42A1B0EE" otype="Entity" vid="A9A4AAA4-1D1A-11FA-CFA7-657156E1D6BD">
<hideElementsInCurrentOnly>false</hideElementsInCurrentOnly>
<bounds x="206" y="657" width="170" height="110"/>
</OView>
<OView class="oracle.dbtools.crest.swingui.logical.TVEntity" oid="7AAD90ED-5516-8E28-4320-45553355F0A3" otype="Entity" vid="7F01CE01-57F6-6CD0-8420-06A0C3068499">
<hideElementsInCurrentOnly>false</hideElementsInCurrentOnly>
<bounds x="687" y="670" width="153" height="89"/>
</OView>
<OView class="oracle.dbtools.crest.swingui.logical.TVEntity" oid="8375CAF9-620C-A742-D0CE-18DF83D0EC17" otype="Entity" vid="B2284821-F284-B1BB-E70C-228B7966AA69">
<hideElementsInCurrentOnly>false</hideElementsInCurrentOnly>
<bounds x="205" y="213" width="147" height="97"/>
</OView>
<OView class="oracle.dbtools.crest.swingui.logical.TVEntity" oid="94540E10-59B7-11C5-27B8-2754FD992DA7" otype="Entity" vid="9585917F-FEE0-C899-FC83-C0898CE50931">
<hideElementsInCurrentOnly>false</hideElementsInCurrentOnly>
<bounds x="615" y="220" width="126" height="85"/>
</OView>
<OView class="oracle.dbtools.crest.swingui.logical.TVEntity" oid="9518589C-33FF-D3B2-1A62-77C5C7F18798" otype="Entity" vid="C363D300-7217-CDB3-19C5-6E70C6B9B2DB">
<hideElementsInCurrentOnly>false</hideElementsInCurrentOnly>
<bounds x="615" y="48" width="128" height="85"/>
</OView>
<OView class="oracle.dbtools.crest.swingui.logical.TVEntity" oid="D3E5EF89-4660-CB5A-6426-BCB84AA05D3D" otype="Entity" vid="9F337E69-7D69-B0BB-72B4-C48CBD4ABE3B">
<hideElementsInCurrentOnly>false</hideElementsInCurrentOnly>
<bounds x="330" y="53" width="140" height="84"/>
</OView>
<OView class="oracle.dbtools.crest.swingui.logical.TVEntity" oid="D742E25E-BA3D-BFA1-2C75-29969E2BBEB6" otype="Entity" vid="EAA23DCA-9EB4-1CD3-DB73-BBF67A8F4650">
<hideElementsInCurrentOnly>false</hideElementsInCurrentOnly>
<bounds x="1043" y="446" width="133" height="84"/>
</OView>
</objectViews>
<connectors>
<Connector class="oracle.dbtools.crest.swingui.logical.TVRelation" oid="2A16B49A-1A5C-20D7-D8F9-ED8B954CFC2B" otype="Relation" vid_source="A9A4AAA4-1D1A-11FA-CFA7-657156E1D6BD" vid_target="ED5302DD-BA83-8DFA-CBE1-B5E76FE08D63">
<hideElementsInCurrentOnly>false</hideElementsInCurrentOnly>
<backgroundColor>-16777216</backgroundColor>
<lineWidth>1</lineWidth>
<targetLabel class="oracle.dbtools.crest.model.design.Label">
<site>2</site>
<labelBounds x="305" y="562" width="52" height="30"/>
<noBackgroundColor>true</noBackgroundColor>
<noForegroundColor>true</noForegroundColor>
</targetLabel>
<points>
<point x="353" y="657"/>
<point x="353" y="544"/>
</points>
</Connector>
<Connector class="oracle.dbtools.crest.swingui.logical.TVRelation" oid="2A56D44E-3F88-AF92-4725-60D2109BC299" otype="Relation" vid_source="C363D300-7217-CDB3-19C5-6E70C6B9B2DB" vid_target="9F337E69-7D69-B0BB-72B4-C48CBD4ABE3B">
<hideElementsInCurrentOnly>false</hideElementsInCurrentOnly>
<backgroundColor>-16777216</backgroundColor>
<lineWidth>1</lineWidth>
<sourceLabel class="oracle.dbtools.crest.model.design.Label">
<site>0</site>
<labelBounds x="547" y="60" width="62" height="33"/>
<noBackgroundColor>true</noBackgroundColor>
<noForegroundColor>true</noForegroundColor>
</sourceLabel>
<points>
<point x="615" y="93"/>
<point x="470" y="93"/>
</points>
</Connector>
<Connector class="oracle.dbtools.crest.swingui.logical.TVRelation" oid="49CB5873-D4F6-8DA3-03B0-93F638AFE696" otype="Relation" vid_source="950AABD8-2469-36AA-3CE7-C31370137CAE" vid_target="7F01CE01-57F6-6CD0-8420-06A0C3068499">
<hideElementsInCurrentOnly>false</hideElementsInCurrentOnly>
<backgroundColor>-16777216</backgroundColor>
<lineWidth>1</lineWidth>
<sourceLabel class="oracle.dbtools.crest.model.design.Label">
<site>0</site>
<labelBounds x="765" y="585" width="85" height="30"/>
<noBackgroundColor>true</noBackgroundColor>
<noForegroundColor>true</noForegroundColor>
</sourceLabel>
<targetLabel class="oracle.dbtools.crest.model.design.Label">
<site>2</site>
<labelBounds x="765" y="634" width="64" height="30"/>
<noBackgroundColor>true</noBackgroundColor>
<noForegroundColor>true</noForegroundColor>
</targetLabel>
<points>
<point x="765" y="533"/>
<point x="757" y="663"/>
</points>
</Connector>
<Connector class="oracle.dbtools.crest.swingui.logical.TVRelation" oid="6961C16A-5B7C-3B28-E571-7468F7B0C245" otype="Relation" vid_source="B2284821-F284-B1BB-E70C-228B7966AA69" vid_target="9585917F-FEE0-C899-FC83-C0898CE50931">
<hideElementsInCurrentOnly>false</hideElementsInCurrentOnly>
<backgroundColor>-16777216</backgroundColor>
<lineWidth>1</lineWidth>
<sourceLabel class="oracle.dbtools.crest.model.design.Label">
<site>0</site>
<labelBounds x="362" y="232" width="27" height="30"/>
<noBackgroundColor>true</noBackgroundColor>
<noForegroundColor>true</noForegroundColor>
</sourceLabel>
<targetLabel class="oracle.dbtools.crest.model.design.Label">
<site>2</site>
<labelBounds x="579" y="265" width="30" height="30"/>
<noBackgroundColor>true</noBackgroundColor>
<noForegroundColor>true</noForegroundColor>
</targetLabel>
<points>
<point x="352" y="262"/>
<point x="615" y="262"/>
</points>
</Connector>
<Connector class="oracle.dbtools.crest.swingui.logical.TVRelation" oid="A6C9F221-48FC-D06D-BF2E-704959F9E7F4" otype="Relation" vid_source="ED5302DD-BA83-8DFA-CBE1-B5E76FE08D63" vid_target="B2284821-F284-B1BB-E70C-228B7966AA69">
<hideElementsInCurrentOnly>false</hideElementsInCurrentOnly>
<backgroundColor>-16777216</backgroundColor>
<lineWidth>1</lineWidth>
<sourceLabel class="oracle.dbtools.crest.model.design.Label">
<site>0</site>
<labelBounds x="341" y="405" width="50" height="30"/>
<noBackgroundColor>true</noBackgroundColor>
<noForegroundColor>true</noForegroundColor>
</sourceLabel>
<points>
<point x="341" y="441"/>
<point x="341" y="310"/>
</points>
</Connector>
<Connector class="oracle.dbtools.crest.swingui.logical.TVRelation" oid="B390FFCF-8663-82E1-D0EE-B133E551B875" otype="Relation" vid_source="A9A4AAA4-1D1A-11FA-CFA7-657156E1D6BD" vid_target="7F01CE01-57F6-6CD0-8420-06A0C3068499">
<hideElementsInCurrentOnly>false</hideElementsInCurrentOnly>
<backgroundColor>-16777216</backgroundColor>
<lineWidth>1</lineWidth>
<targetLabel class="oracle.dbtools.crest.model.design.Label">
<site>2</site>
<labelBounds x="629" y="726" width="50" height="30"/>
<noBackgroundColor>true</noBackgroundColor>
<noForegroundColor>true</noForegroundColor>
</targetLabel>
<points>
<point x="376" y="714"/>
<point x="687" y="715"/>
</points>
</Connector>
<Connector class="oracle.dbtools.crest.swingui.logical.TVRelation" oid="BBDD3D54-6AEB-4ECE-F919-DEA91D5904ED" otype="Relation" vid_source="C363D300-7217-CDB3-19C5-6E70C6B9B2DB" vid_target="9585917F-FEE0-C899-FC83-C0898CE50931">
<hideElementsInCurrentOnly>false</hideElementsInCurrentOnly>
<backgroundColor>-16777216</backgroundColor>
<lineWidth>1</lineWidth>
<sourceLabel class="oracle.dbtools.crest.model.design.Label">
<site>0</site>
<labelBounds x="678" y="170" width="62" height="31"/>
<noBackgroundColor>true</noBackgroundColor>
<noForegroundColor>true</noForegroundColor>
</sourceLabel>
<points>
<point x="678" y="133"/>
<point x="678" y="220"/>
</points>
</Connector>
<Connector class="oracle.dbtools.crest.swingui.logical.TVRelation" oid="C2A76FA6-9A3F-118F-16FD-5CA74B9B240D" otype="Relation" vid_source="950AABD8-2469-36AA-3CE7-C31370137CAE" vid_target="ED5302DD-BA83-8DFA-CBE1-B5E76FE08D63">
<hideElementsInCurrentOnly>false</hideElementsInCurrentOnly>
<backgroundColor>-16777216</backgroundColor>
<lineWidth>1</lineWidth>
<sourceLabel class="oracle.dbtools.crest.model.design.Label">
<site>0</site>
<labelBounds x="659" y="457" width="30" height="30"/>
<noBackgroundColor>true</noBackgroundColor>
<noForegroundColor>true</noForegroundColor>
</sourceLabel>
<targetLabel class="oracle.dbtools.crest.model.design.Label">
<site>2</site>
<labelBounds x="501" y="490" width="39" height="30"/>
<noBackgroundColor>true</noBackgroundColor>
<noForegroundColor>true</noForegroundColor>
</targetLabel>
<points>
<point x="695" y="487"/>
<point x="491" y="485"/>
</points>
</Connector>
<Connector class="oracle.dbtools.crest.swingui.logical.TVRelation" oid="D3D2238D-45CF-4A3A-BD16-1D86F2C04280" otype="Relation" vid_source="950AABD8-2469-36AA-3CE7-C31370137CAE" vid_target="EAA23DCA-9EB4-1CD3-DB73-BBF67A8F4650">
<hideElementsInCurrentOnly>false</hideElementsInCurrentOnly>
<backgroundColor>-16777216</backgroundColor>
<lineWidth>1</lineWidth>
<sourceLabel class="oracle.dbtools.crest.model.design.Label">
<site>0</site>
<labelBounds x="845" y="458" width="30" height="30"/>
<noBackgroundColor>true</noBackgroundColor>
<noForegroundColor>true</noForegroundColor>
</sourceLabel>
<targetLabel class="oracle.dbtools.crest.model.design.Label">
<site>2</site>
<labelBounds x="983" y="491" width="54" height="30"/>
<noBackgroundColor>true</noBackgroundColor>
<noForegroundColor>true</noForegroundColor>
</targetLabel>
<points>
<point x="827" y="481"/>
<point x="1043" y="488"/>
</points>
</Connector>
<Connector class="oracle.dbtools.crest.swingui.logical.TVRelation" oid="DA18B593-E0FD-E44A-AE46-B48F131FA1C2" otype="Relation" vid_source="A9A4AAA4-1D1A-11FA-CFA7-657156E1D6BD" vid_target="61E46BD0-5F59-E6E8-9201-F04DCA693B3C">
<hideElementsInCurrentOnly>false</hideElementsInCurrentOnly>
<backgroundColor>-16777216</backgroundColor>
<lineWidth>1</lineWidth>
<targetLabel class="oracle.dbtools.crest.model.design.Label">
<site>2</site>
<labelBounds x="139" y="561" width="52" height="30"/>
<noBackgroundColor>true</noBackgroundColor>
<noForegroundColor>true</noForegroundColor>
</targetLabel>
<points>
<point x="224" y="657"/>
<point x="224" y="550"/>
</points>
</Connector>
<Connector class="oracle.dbtools.crest.swingui.logical.TVRelation" oid="DF48D95B-7DC1-EAD6-2EA5-E6100C209C68" otype="Relation" vid_source="61E46BD0-5F59-E6E8-9201-F04DCA693B3C" vid_target="B2284821-F284-B1BB-E70C-228B7966AA69">
<hideElementsInCurrentOnly>false</hideElementsInCurrentOnly>
<backgroundColor>-16777216</backgroundColor>
<lineWidth>1</lineWidth>
<sourceLabel class="oracle.dbtools.crest.model.design.Label">
<site>0</site>
<labelBounds x="223" y="403" width="57" height="28"/>
<noBackgroundColor>true</noBackgroundColor>
<noForegroundColor>true</noForegroundColor>
</sourceLabel>
<points>
<point x="223" y="437"/>
<point x="223" y="310"/>
</points>
</Connector>
<Connector class="oracle.dbtools.crest.swingui.logical.TVRelation" oid="E584D5E3-108B-845D-97C7-00338270578A" otype="Relation" vid_source="C363D300-7217-CDB3-19C5-6E70C6B9B2DB" vid_target="126AE8ED-6410-419C-BAA1-F2B4C29047EA">
<hideElementsInCurrentOnly>false</hideElementsInCurrentOnly>
<backgroundColor>-16777216</backgroundColor>
<lineWidth>1</lineWidth>
<sourceLabel class="oracle.dbtools.crest.model.design.Label">
<site>0</site>
<labelBounds x="753" y="57" width="62" height="31"/>
<noBackgroundColor>true</noBackgroundColor>
<noForegroundColor>true</noForegroundColor>
</sourceLabel>
<points>
<point x="743" y="88"/>
<point x="944" y="88"/>
</points>
</Connector>
</connectors>
<arcs>
<Arc class="oracle.dbtools.crest.swingui.logical.TVArc" oid="C6185AA0-C29C-939C-73DD-FE86A0B27C7D" otype="Arc" vid="13FBFF9B-2344-8B55-D87F-57BEED7FC981">
<hideElementsInCurrentOnly>false</hideElementsInCurrentOnly>
<bounds x="595" y="28" width="168" height="125"/>
</Arc>
</arcs>
</Diagram>