set echo on
create or replace 
PROCEDURE ZAPNI_CIZI_KLICE AS 
BEGIN
  FOR cur IN (select CONSTRAINT_NAME, TABLE_NAME 
             from USER_CONSTRAINTS
       where CONSTRAINT_TYPE = 'R' ) 
  LOOP
   execute immediate 'ALTER TABLE '||cur.table_name||' MODIFY CONSTRAINT "'||cur.constraint_name||'" ENABLE VALIDATE';
  END LOOP;
END ZAPNI_CIZI_KLICE;
/
create or replace 
PROCEDURE VYPNI_CIZI_KLICE AS 
BEGIN
  for CUR in (select CONSTRAINT_NAME , TABLE_NAME 
       from USER_CONSTRAINTS
       where CONSTRAINT_TYPE = 'R' ) 
   LOOP
    execute immediate 'ALTER TABLE '||cur.table_name||' MODIFY CONSTRAINT "'||cur.constraint_name||'" DISABLE ';
   END LOOP;
END VYPNI_CIZI_KLICE;
/
create or replace 
PROCEDURE VYMAZ_DATA_VSECH_TABULEK IS
BEGIN
  VYPNI_CIZI_KLICE;
  FOR V_REC IN (SELECT DISTINCT(TABLE_NAME) FROM USER_TABLES)
      LOOP
      EXECUTE IMMEDIATE 'truncate table '||V_REC.TABLE_NAME||' drop storage';
      END LOOP;
  ZAPNI_CIZI_KLICE;
END VYMAZ_DATA_VSECH_TABULEK;
/
set echo on
set autocommit on
execute VYMAZ_DATA_VSECH_TABULEK()
--
set autocommit on
SET ECHO ON
SET DEFINE OFF;

insert into ADRESA (ADRESA_ID, ULICA, POPISNE_CISLO, PSC, KRAJINA) values (1, 'Blaine', '75', 5, 'China');
insert into ADRESA (ADRESA_ID, ULICA, POPISNE_CISLO, PSC, KRAJINA) values (2, 'Russell', '729', 5, 'Ghana');
insert into ADRESA (ADRESA_ID, ULICA, POPISNE_CISLO, PSC, KRAJINA) values (3, 'Hallows', '088', 5, 'Sweden');
insert into ADRESA (ADRESA_ID, ULICA, POPISNE_CISLO, PSC, KRAJINA) values (4, 'Little Fleur', '7318', 5, 'Portugal');
insert into ADRESA (ADRESA_ID, ULICA, POPISNE_CISLO, PSC, KRAJINA) values (5, 'Linden', '5398', 5, 'Philippines');
insert into ADRESA (ADRESA_ID, ULICA, POPISNE_CISLO, PSC, KRAJINA) values (6, 'School', '7', 5, 'Uruguay');
insert into ADRESA (ADRESA_ID, ULICA, POPISNE_CISLO, PSC, KRAJINA) values (7, 'Del Mar', '08', 5, 'Argentina');
insert into ADRESA (ADRESA_ID, ULICA, POPISNE_CISLO, PSC, KRAJINA) values (8, 'Thackeray', '10902', 5, 'Tajikistan');
insert into ADRESA (ADRESA_ID, ULICA, POPISNE_CISLO, PSC, KRAJINA) values (9, 'Daystar', '99', 5, 'Philippines');
insert into ADRESA (ADRESA_ID, ULICA, POPISNE_CISLO, PSC, KRAJINA) values (10, 'Arkansas', '43', 5, 'China');
insert into ADRESA (ADRESA_ID, ULICA, POPISNE_CISLO, PSC, KRAJINA) values (11, 'Manley', '417', 5, 'Brazil');
insert into ADRESA (ADRESA_ID, ULICA, POPISNE_CISLO, PSC, KRAJINA) values (12, 'Oak Valley', '04', 5, 'Guatemala');
insert into ADRESA (ADRESA_ID, ULICA, POPISNE_CISLO, PSC, KRAJINA) values (13, 'Florence', '3022', 5, 'Canada');
insert into ADRESA (ADRESA_ID, ULICA, POPISNE_CISLO, PSC, KRAJINA) values (14, 'Spohn', '779', 5, 'China');
insert into ADRESA (ADRESA_ID, ULICA, POPISNE_CISLO, PSC, KRAJINA) values (15, 'Springs', '678', 5, 'Belarus');
insert into ADRESA (ADRESA_ID, ULICA, POPISNE_CISLO, PSC, KRAJINA) values (16, 'Clyde Gallagher', '57', 5, 'Vietnam');
insert into ADRESA (ADRESA_ID, ULICA, POPISNE_CISLO, PSC, KRAJINA) values (17, 'Granby', '406', 5, 'Indonesia');
insert into ADRESA (ADRESA_ID, ULICA, POPISNE_CISLO, PSC, KRAJINA) values (18, 'Burrows', '69', 5, 'Brazil');
insert into ADRESA (ADRESA_ID, ULICA, POPISNE_CISLO, PSC, KRAJINA) values (19, 'Tomscot', '24228', 5, 'Philippines');
insert into ADRESA (ADRESA_ID, ULICA, POPISNE_CISLO, PSC, KRAJINA) values (20, 'Grover', '67119', 5, 'Indonesia');
insert into ADRESA (ADRESA_ID, ULICA, POPISNE_CISLO, PSC, KRAJINA) values (21, 'Basil', '5', 5, 'China');
insert into ADRESA (ADRESA_ID, ULICA, POPISNE_CISLO, PSC, KRAJINA) values (22, 'Thompson', '1578', 5, 'Poland');
insert into ADRESA (ADRESA_ID, ULICA, POPISNE_CISLO, PSC, KRAJINA) values (23, 'Maple', '54', 5, 'Saudi Arabia');
insert into ADRESA (ADRESA_ID, ULICA, POPISNE_CISLO, PSC, KRAJINA) values (24, 'Golf', '61568', 5, 'Iran');
insert into ADRESA (ADRESA_ID, ULICA, POPISNE_CISLO, PSC, KRAJINA) values (25, 'Dahle', '8', 5, 'Malaysia');
insert into ADRESA (ADRESA_ID, ULICA, POPISNE_CISLO, PSC, KRAJINA) values (26, 'Butterfield', '486', 5, 'Croatia');
insert into ADRESA (ADRESA_ID, ULICA, POPISNE_CISLO, PSC, KRAJINA) values (27, 'Manufacturers', '56916', 5, 'Ukraine');
insert into ADRESA (ADRESA_ID, ULICA, POPISNE_CISLO, PSC, KRAJINA) values (28, 'Bluejay', '293', 5, 'Jamaica');
insert into ADRESA (ADRESA_ID, ULICA, POPISNE_CISLO, PSC, KRAJINA) values (29, 'Pankratz', '540', 5, 'Philippines');
insert into ADRESA (ADRESA_ID, ULICA, POPISNE_CISLO, PSC, KRAJINA) values (30, 'Kim', '7995', 5, 'United States');
insert into ADRESA (ADRESA_ID, ULICA, POPISNE_CISLO, PSC, KRAJINA) values (31, 'Hoffman', '01410', 5, 'Uganda');
insert into ADRESA (ADRESA_ID, ULICA, POPISNE_CISLO, PSC, KRAJINA) values (32, 'Hintze', '93448', 5, 'Poland');
insert into ADRESA (ADRESA_ID, ULICA, POPISNE_CISLO, PSC, KRAJINA) values (33, 'Golf', '1843', 5, 'Malaysia');
insert into ADRESA (ADRESA_ID, ULICA, POPISNE_CISLO, PSC, KRAJINA) values (34, 'Armistice', '7091', 5, 'Bulgaria');
insert into ADRESA (ADRESA_ID, ULICA, POPISNE_CISLO, PSC, KRAJINA) values (35, 'Maryland', '790', 5, 'Czech Republic');
insert into ADRESA (ADRESA_ID, ULICA, POPISNE_CISLO, PSC, KRAJINA) values (36, 'Longview', '16636', 5, 'Peru');
insert into ADRESA (ADRESA_ID, ULICA, POPISNE_CISLO, PSC, KRAJINA) values (37, 'Service', '259', 5, 'China');
insert into ADRESA (ADRESA_ID, ULICA, POPISNE_CISLO, PSC, KRAJINA) values (38, 'Michigan', '3', 5, 'China');
insert into ADRESA (ADRESA_ID, ULICA, POPISNE_CISLO, PSC, KRAJINA) values (39, 'Pankratz', '34817', 5, 'China');
insert into ADRESA (ADRESA_ID, ULICA, POPISNE_CISLO, PSC, KRAJINA) values (40, 'Fuller', '40572', 5, 'China');
insert into ADRESA (ADRESA_ID, ULICA, POPISNE_CISLO, PSC, KRAJINA) values (41, 'Coleman', '7954', 5, 'France');
insert into ADRESA (ADRESA_ID, ULICA, POPISNE_CISLO, PSC, KRAJINA) values (42, 'Amoth', '7807', 5, 'Brazil');
insert into ADRESA (ADRESA_ID, ULICA, POPISNE_CISLO, PSC, KRAJINA) values (43, 'Bluejay', '79277', 5, 'Indonesia');
insert into ADRESA (ADRESA_ID, ULICA, POPISNE_CISLO, PSC, KRAJINA) values (44, 'Sauthoff', '6519', 5, 'Indonesia');
insert into ADRESA (ADRESA_ID, ULICA, POPISNE_CISLO, PSC, KRAJINA) values (45, 'Cordelia', '3679', 5, 'Peru');
insert into ADRESA (ADRESA_ID, ULICA, POPISNE_CISLO, PSC, KRAJINA) values (46, 'Bultman', '53961', 5, 'France');
insert into ADRESA (ADRESA_ID, ULICA, POPISNE_CISLO, PSC, KRAJINA) values (47, 'Sycamore', '8685', 5, 'Sweden');
insert into ADRESA (ADRESA_ID, ULICA, POPISNE_CISLO, PSC, KRAJINA) values (48, 'Nobel', '2', 5, 'China');
insert into ADRESA (ADRESA_ID, ULICA, POPISNE_CISLO, PSC, KRAJINA) values (49, 'Elka', '1', 5, 'Poland');
insert into ADRESA (ADRESA_ID, ULICA, POPISNE_CISLO, PSC, KRAJINA) values (50, 'Stone Corner', '11515', 5, 'United States');
insert into ADRESA (ADRESA_ID, ULICA, POPISNE_CISLO, PSC, KRAJINA) values (51, 'Judy', '439', 5, 'China');
insert into ADRESA (ADRESA_ID, ULICA, POPISNE_CISLO, PSC, KRAJINA) values (52, 'Moland', '78', 5, 'Sweden');
insert into ADRESA (ADRESA_ID, ULICA, POPISNE_CISLO, PSC, KRAJINA) values (53, 'Bay', '171', 5, 'Russia');
insert into ADRESA (ADRESA_ID, ULICA, POPISNE_CISLO, PSC, KRAJINA) values (54, 'Portage', '5', 5, 'Honduras');
insert into ADRESA (ADRESA_ID, ULICA, POPISNE_CISLO, PSC, KRAJINA) values (55, 'Service', '59', 5, 'Bulgaria');
insert into ADRESA (ADRESA_ID, ULICA, POPISNE_CISLO, PSC, KRAJINA) values (56, 'Brown', '1829', 5, 'Palestinian Territory');
insert into ADRESA (ADRESA_ID, ULICA, POPISNE_CISLO, PSC, KRAJINA) values (57, 'Reinke', '09955', 5, 'Vietnam');
insert into ADRESA (ADRESA_ID, ULICA, POPISNE_CISLO, PSC, KRAJINA) values (58, 'Heath', '2047', 5, 'Indonesia');
insert into ADRESA (ADRESA_ID, ULICA, POPISNE_CISLO, PSC, KRAJINA) values (59, '4th', '56071', 5, 'Russia');
insert into ADRESA (ADRESA_ID, ULICA, POPISNE_CISLO, PSC, KRAJINA) values (60, 'Logan', '8', 5, 'Albania');
insert into ADRESA (ADRESA_ID, ULICA, POPISNE_CISLO, PSC, KRAJINA) values (61, 'Laurel', '507', 5, 'Mongolia');
insert into ADRESA (ADRESA_ID, ULICA, POPISNE_CISLO, PSC, KRAJINA) values (62, 'Knutson', '07144', 5, 'Indonesia');
insert into ADRESA (ADRESA_ID, ULICA, POPISNE_CISLO, PSC, KRAJINA) values (63, 'North', '2329', 5, 'Indonesia');
insert into ADRESA (ADRESA_ID, ULICA, POPISNE_CISLO, PSC, KRAJINA) values (64, 'Bunker Hill', '79', 5, 'China');
insert into ADRESA (ADRESA_ID, ULICA, POPISNE_CISLO, PSC, KRAJINA) values (65, 'American', '22338', 5, 'Sierra Leone');
insert into ADRESA (ADRESA_ID, ULICA, POPISNE_CISLO, PSC, KRAJINA) values (66, 'Manley', '51', 5, 'Indonesia');
insert into ADRESA (ADRESA_ID, ULICA, POPISNE_CISLO, PSC, KRAJINA) values (67, 'Pepper Wood', '10808', 5, 'Norway');
insert into ADRESA (ADRESA_ID, ULICA, POPISNE_CISLO, PSC, KRAJINA) values (68, 'Jenifer', '9994', 5, 'China');
insert into ADRESA (ADRESA_ID, ULICA, POPISNE_CISLO, PSC, KRAJINA) values (69, 'Hermina', '59', 5, 'United States');
insert into ADRESA (ADRESA_ID, ULICA, POPISNE_CISLO, PSC, KRAJINA) values (70, 'Manley', '5', 5, 'Indonesia');
insert into ADRESA (ADRESA_ID, ULICA, POPISNE_CISLO, PSC, KRAJINA) values (71, 'Cherokee', '242', 5, 'Togo');
insert into ADRESA (ADRESA_ID, ULICA, POPISNE_CISLO, PSC, KRAJINA) values (72, 'Thierer', '20', 5, 'Bosnia and Herzegovina');
insert into ADRESA (ADRESA_ID, ULICA, POPISNE_CISLO, PSC, KRAJINA) values (73, 'Ridge Oak', '328', 5, 'China');
insert into ADRESA (ADRESA_ID, ULICA, POPISNE_CISLO, PSC, KRAJINA) values (74, 'Norway Maple', '34', 5, 'Czech Republic');
insert into ADRESA (ADRESA_ID, ULICA, POPISNE_CISLO, PSC, KRAJINA) values (75, 'Heath', '8', 5, 'China');
insert into ADRESA (ADRESA_ID, ULICA, POPISNE_CISLO, PSC, KRAJINA) values (76, 'Garrison', '9', 5, 'China');
insert into ADRESA (ADRESA_ID, ULICA, POPISNE_CISLO, PSC, KRAJINA) values (77, 'Doe Crossing', '5', 5, 'China');
insert into ADRESA (ADRESA_ID, ULICA, POPISNE_CISLO, PSC, KRAJINA) values (78, 'Rigney', '98791', 5, 'Portugal');
insert into ADRESA (ADRESA_ID, ULICA, POPISNE_CISLO, PSC, KRAJINA) values (79, 'Fairview', '371', 5, 'Egypt');
insert into ADRESA (ADRESA_ID, ULICA, POPISNE_CISLO, PSC, KRAJINA) values (80, 'Hagan', '264', 5, 'Philippines');
insert into ADRESA (ADRESA_ID, ULICA, POPISNE_CISLO, PSC, KRAJINA) values (81, 'Acker', '407', 5, 'Paraguay');
insert into ADRESA (ADRESA_ID, ULICA, POPISNE_CISLO, PSC, KRAJINA) values (82, 'Fieldstone', '81', 5, 'Cameroon');
insert into ADRESA (ADRESA_ID, ULICA, POPISNE_CISLO, PSC, KRAJINA) values (83, 'Dahle', '6007', 5, 'United States');
insert into ADRESA (ADRESA_ID, ULICA, POPISNE_CISLO, PSC, KRAJINA) values (84, 'West', '273', 5, 'Sweden');
insert into ADRESA (ADRESA_ID, ULICA, POPISNE_CISLO, PSC, KRAJINA) values (85, 'Becker', '9667', 5, 'Portugal');
insert into ADRESA (ADRESA_ID, ULICA, POPISNE_CISLO, PSC, KRAJINA) values (86, 'Clarendon', '54', 5, 'Guatemala');
insert into ADRESA (ADRESA_ID, ULICA, POPISNE_CISLO, PSC, KRAJINA) values (87, 'School', '7', 5, 'China');
insert into ADRESA (ADRESA_ID, ULICA, POPISNE_CISLO, PSC, KRAJINA) values (88, 'Caliangt', '7028', 5, 'Indonesia');
insert into ADRESA (ADRESA_ID, ULICA, POPISNE_CISLO, PSC, KRAJINA) values (89, 'Shasta', '2607', 5, 'France');
insert into ADRESA (ADRESA_ID, ULICA, POPISNE_CISLO, PSC, KRAJINA) values (90, 'Pearson', '5', 5, 'China');
insert into ADRESA (ADRESA_ID, ULICA, POPISNE_CISLO, PSC, KRAJINA) values (91, 'Division', '8292', 5, 'Portugal');
insert into ADRESA (ADRESA_ID, ULICA, POPISNE_CISLO, PSC, KRAJINA) values (92, 'Burrows', '56829', 5, 'Saudi Arabia');
insert into ADRESA (ADRESA_ID, ULICA, POPISNE_CISLO, PSC, KRAJINA) values (93, 'Center', '4985', 5, 'Peru');
insert into ADRESA (ADRESA_ID, ULICA, POPISNE_CISLO, PSC, KRAJINA) values (94, 'Dawn', '214', 5, 'Brazil');
insert into ADRESA (ADRESA_ID, ULICA, POPISNE_CISLO, PSC, KRAJINA) values (95, 'Hagan', '77644', 5, 'Japan');
insert into ADRESA (ADRESA_ID, ULICA, POPISNE_CISLO, PSC, KRAJINA) values (96, 'Fallview', '47206', 5, 'Indonesia');
insert into ADRESA (ADRESA_ID, ULICA, POPISNE_CISLO, PSC, KRAJINA) values (97, 'Derek', '4152', 5, 'Indonesia');
insert into ADRESA (ADRESA_ID, ULICA, POPISNE_CISLO, PSC, KRAJINA) values (98, 'Southridge', '0', 5, 'Indonesia');
insert into ADRESA (ADRESA_ID, ULICA, POPISNE_CISLO, PSC, KRAJINA) values (99, 'Cardinal', '5912', 5, 'China');
insert into ADRESA (ADRESA_ID, ULICA, POPISNE_CISLO, PSC, KRAJINA) values (100, 'Esch', '8', 5, 'Brazil');

insert into CLEN_KAPELY (CLEN_KAPELY_ID, MENO, MOBIL_CISLO, EMAIL, ADRESA_ID) values (1, 'Norean Moisey', '5012969016', 'nmoisey0@opensource.org', 1);
insert into CLEN_KAPELY (CLEN_KAPELY_ID, MENO, MOBIL_CISLO, EMAIL, ADRESA_ID) values (2, 'Conant Brandel', '9235685423', 'cbrandel1@goo.ne.jp', 2);
insert into CLEN_KAPELY (CLEN_KAPELY_ID, MENO, MOBIL_CISLO, EMAIL, ADRESA_ID) values (3, 'Scarlet Ulyatt', '8485150232', 'sulyatt2@illinois.edu', 3);
insert into CLEN_KAPELY (CLEN_KAPELY_ID, MENO, MOBIL_CISLO, EMAIL, ADRESA_ID) values (4, 'Suki Brevetor', '5514590310', 'sbrevetor3@wunderground.com', 4);
insert into CLEN_KAPELY (CLEN_KAPELY_ID, MENO, MOBIL_CISLO, EMAIL, ADRESA_ID) values (5, 'Thelma Osipenko', '1745710811', 'tosipenko4@unblog.fr', 5);
insert into CLEN_KAPELY (CLEN_KAPELY_ID, MENO, MOBIL_CISLO, EMAIL, ADRESA_ID) values (6, 'Grier Tumielli', '3849432042', 'gtumielli5@wikia.com', 6);
insert into CLEN_KAPELY (CLEN_KAPELY_ID, MENO, MOBIL_CISLO, EMAIL, ADRESA_ID) values (7, 'Theresita Muckian', '8881943538', 'tmuckian6@shop-pro.jp', 7);
insert into CLEN_KAPELY (CLEN_KAPELY_ID, MENO, MOBIL_CISLO, EMAIL, ADRESA_ID) values (8, 'Ardelle Coveley', '2381307167', 'acoveley7@va.gov', 8);
insert into CLEN_KAPELY (CLEN_KAPELY_ID, MENO, MOBIL_CISLO, EMAIL, ADRESA_ID) values (9, 'Ainslee Vice', '9209785943', 'avice8@squarespace.com', 9);
insert into CLEN_KAPELY (CLEN_KAPELY_ID, MENO, MOBIL_CISLO, EMAIL, ADRESA_ID) values (10, 'Sarah Hugett', '9498525362', 'shugett9@oracle.com', 5);
insert into CLEN_KAPELY (CLEN_KAPELY_ID, MENO, MOBIL_CISLO, EMAIL, ADRESA_ID) values (11, 'Templeton Kermannes', '1571387482', 'tkermannesa@economist.com', 11);
insert into CLEN_KAPELY (CLEN_KAPELY_ID, MENO, MOBIL_CISLO, EMAIL, ADRESA_ID) values (12, 'Shoshana MacKeever', '7288754043', 'smackeeverb@biblegateway.com', 12);
insert into CLEN_KAPELY (CLEN_KAPELY_ID, MENO, MOBIL_CISLO, EMAIL, ADRESA_ID) values (13, 'Gerick Brandassi', '6292685968', 'gbrandassic@tripod.com', 13);
insert into CLEN_KAPELY (CLEN_KAPELY_ID, MENO, MOBIL_CISLO, EMAIL, ADRESA_ID) values (14, 'Pavia Frapwell', '9142046690', 'pfrapwelld@discovery.com', 5);
insert into CLEN_KAPELY (CLEN_KAPELY_ID, MENO, MOBIL_CISLO, EMAIL, ADRESA_ID) values (15, 'Janela Kyndred', '6577227522', 'jkyndrede@cdc.gov', 15);
insert into CLEN_KAPELY (CLEN_KAPELY_ID, MENO, MOBIL_CISLO, EMAIL, ADRESA_ID) values (16, 'Aloin Farguhar', '1002600452', 'afarguharf@state.tx.us', 16);
insert into CLEN_KAPELY (CLEN_KAPELY_ID, MENO, MOBIL_CISLO, EMAIL, ADRESA_ID) values (17, 'Keelia Salisbury', '1999519407', 'ksalisburyg@ustream.tv', 17);
insert into CLEN_KAPELY (CLEN_KAPELY_ID, MENO, MOBIL_CISLO, EMAIL, ADRESA_ID) values (18, 'Darnell Grinvalds', '3779785468', 'dgrinvaldsh@people.com.cn', 18);
insert into CLEN_KAPELY (CLEN_KAPELY_ID, MENO, MOBIL_CISLO, EMAIL, ADRESA_ID) values (19, 'Adolphus Gipp', '2005696076', 'agippi@bravesites.com', 19);
insert into CLEN_KAPELY (CLEN_KAPELY_ID, MENO, MOBIL_CISLO, EMAIL, ADRESA_ID) values (20, 'Sianna Shedden', '7245608269', 'ssheddenj@bandcamp.com', 20);
insert into CLEN_KAPELY (CLEN_KAPELY_ID, MENO, MOBIL_CISLO, EMAIL, ADRESA_ID) values (21, 'Hilliary Fishbourn', '3137257259', 'hfishbournak@artisteer.com', 21);
insert into CLEN_KAPELY (CLEN_KAPELY_ID, MENO, MOBIL_CISLO, EMAIL, ADRESA_ID) values (22, 'Arny Stubbert', '9866590273', 'astubbertl@baidu.com', 7);
insert into CLEN_KAPELY (CLEN_KAPELY_ID, MENO, MOBIL_CISLO, EMAIL, ADRESA_ID) values (23, 'Katherine Jirus', '4052638662', 'kjirusm@1688.com', 23);
insert into CLEN_KAPELY (CLEN_KAPELY_ID, MENO, MOBIL_CISLO, EMAIL, ADRESA_ID) values (24, 'Patrica Eliaz', '4034891380', 'peliazn@sitemeter.com', 24);
insert into CLEN_KAPELY (CLEN_KAPELY_ID, MENO, MOBIL_CISLO, EMAIL, ADRESA_ID) values (25, 'Sofie Roland', '5652735602', 'srolando@discuz.net', 25);
insert into CLEN_KAPELY (CLEN_KAPELY_ID, MENO, MOBIL_CISLO, EMAIL, ADRESA_ID) values (26, 'Raynell Whittlesee', '2488074467', 'rwhittleseep@mac.com', 26);
insert into CLEN_KAPELY (CLEN_KAPELY_ID, MENO, MOBIL_CISLO, EMAIL, ADRESA_ID) values (27, 'Sibella Munslow', '7993937301', 'smunslowq@ibm.com', 27);
insert into CLEN_KAPELY (CLEN_KAPELY_ID, MENO, MOBIL_CISLO, EMAIL, ADRESA_ID) values (28, 'Hube Gronno', '2718284198', 'hgronnor@hhs.gov', 28);
insert into CLEN_KAPELY (CLEN_KAPELY_ID, MENO, MOBIL_CISLO, EMAIL, ADRESA_ID) values (29, 'Nero Treswell', '8446319997', 'ntreswells@1688.com', 29);
insert into CLEN_KAPELY (CLEN_KAPELY_ID, MENO, MOBIL_CISLO, EMAIL, ADRESA_ID) values (30, 'Stefan Kordt', '5725984482', 'skordtt@chicagotribune.com', 30);
insert into CLEN_KAPELY (CLEN_KAPELY_ID, MENO, MOBIL_CISLO, EMAIL, ADRESA_ID) values (31, 'Cash MacEntee', '8291454215', 'cmacenteeu@nature.com', 31);
insert into CLEN_KAPELY (CLEN_KAPELY_ID, MENO, MOBIL_CISLO, EMAIL, ADRESA_ID) values (32, 'Nahum Laidlow', '1383429805', 'nlaidlowv@mysql.com', 32);
insert into CLEN_KAPELY (CLEN_KAPELY_ID, MENO, MOBIL_CISLO, EMAIL, ADRESA_ID) values (33, 'Kit Fairhurst', '2623919070', 'kfairhurstw@ucoz.com', 33);
insert into CLEN_KAPELY (CLEN_KAPELY_ID, MENO, MOBIL_CISLO, EMAIL, ADRESA_ID) values (34, 'Belita Fontes', '2338718338', 'bfontesx@virginia.edu', 34);
insert into CLEN_KAPELY (CLEN_KAPELY_ID, MENO, MOBIL_CISLO, EMAIL, ADRESA_ID) values (35, 'Tomas Kalvoda', '6596999527', 'aohagertyy@unicef.org', 35);
insert into CLEN_KAPELY (CLEN_KAPELY_ID, MENO, MOBIL_CISLO, EMAIL, ADRESA_ID) values (36, 'Harmonie Longfoot', '9043121565', 'hlongfootz@google.fr', 36);
insert into CLEN_KAPELY (CLEN_KAPELY_ID, MENO, MOBIL_CISLO, EMAIL, ADRESA_ID) values (37, 'Dick Norquoy', '1355296841', 'dnorquoy10@xinhuanet.com', 37);
insert into CLEN_KAPELY (CLEN_KAPELY_ID, MENO, MOBIL_CISLO, EMAIL, ADRESA_ID) values (38, 'Emmalynne Starcks', '7154206063', 'estarcks11@businessinsider.com', 38);
insert into CLEN_KAPELY (CLEN_KAPELY_ID, MENO, MOBIL_CISLO, EMAIL, ADRESA_ID) values (39, 'Aron Tomlett', '3131797883', 'atomlett12@scientificamerican.com', 39);
insert into CLEN_KAPELY (CLEN_KAPELY_ID, MENO, MOBIL_CISLO, EMAIL, ADRESA_ID) values (40, 'Silvana Duguid', '8833384398', 'sduguid13@cnbc.com', 40);
insert into CLEN_KAPELY (CLEN_KAPELY_ID, MENO, MOBIL_CISLO, EMAIL, ADRESA_ID) values (41, 'Ephrem Eagling', '4145035960', 'eeagling14@fotki.com', 41);
insert into CLEN_KAPELY (CLEN_KAPELY_ID, MENO, MOBIL_CISLO, EMAIL, ADRESA_ID) values (42, 'Jennette McGivena', '6246461771', 'jmcgivena15@upenn.edu', 42);
insert into CLEN_KAPELY (CLEN_KAPELY_ID, MENO, MOBIL_CISLO, EMAIL, ADRESA_ID) values (43, 'Keene Linacre', '1316170435', 'klinacre16@aol.com', 43);
insert into CLEN_KAPELY (CLEN_KAPELY_ID, MENO, MOBIL_CISLO, EMAIL, ADRESA_ID) values (44, 'Gretna Cathie', '9207364669', 'gcathie17@microsoft.com', 44);
insert into CLEN_KAPELY (CLEN_KAPELY_ID, MENO, MOBIL_CISLO, EMAIL, ADRESA_ID) values (45, 'Renato Iacomo', '8149467058', 'riacomo18@goo.ne.jp', 45);
insert into CLEN_KAPELY (CLEN_KAPELY_ID, MENO, MOBIL_CISLO, EMAIL, ADRESA_ID) values (46, 'Kelsi Peyzer', '3167521464', 'kpeyzer19@kickstarter.com', 46);
insert into CLEN_KAPELY (CLEN_KAPELY_ID, MENO, MOBIL_CISLO, EMAIL, ADRESA_ID) values (47, 'Nigel Gulberg', '1865730608', 'ngulberg1a@bigcartel.com', 47);
insert into CLEN_KAPELY (CLEN_KAPELY_ID, MENO, MOBIL_CISLO, EMAIL, ADRESA_ID) values (48, 'Gare Vasyaev', '1806893660', 'gvasyaev1b@mediafire.com', 48);
insert into CLEN_KAPELY (CLEN_KAPELY_ID, MENO, MOBIL_CISLO, EMAIL, ADRESA_ID) values (49, 'Adrien Boarder', '5756426709', 'aboarder1c@hatena.ne.jp', 49);
insert into CLEN_KAPELY (CLEN_KAPELY_ID, MENO, MOBIL_CISLO, EMAIL, ADRESA_ID) values (50, 'Aubree Mulvagh', '1887549640', 'amulvagh1d@ycombinator.com', 50);
insert into CLEN_KAPELY (CLEN_KAPELY_ID, MENO, MOBIL_CISLO, EMAIL, ADRESA_ID) values (51, 'Mac Lunam', '9879043130', 'mlunam1e@reuters.com', 51);
insert into CLEN_KAPELY (CLEN_KAPELY_ID, MENO, MOBIL_CISLO, EMAIL, ADRESA_ID) values (52, 'Ronica Cridge', '4706915247', 'rcridge1f@odnoklassniki.ru', 52);
insert into CLEN_KAPELY (CLEN_KAPELY_ID, MENO, MOBIL_CISLO, EMAIL, ADRESA_ID) values (53, 'Kynthia Wasteney', '1143795465', 'kwasteney1g@naver.com', 53);
insert into CLEN_KAPELY (CLEN_KAPELY_ID, MENO, MOBIL_CISLO, EMAIL, ADRESA_ID) values (54, 'Berkley Edwardes', '9485423328', 'bedwardes1h@wired.com', 54);
insert into CLEN_KAPELY (CLEN_KAPELY_ID, MENO, MOBIL_CISLO, EMAIL, ADRESA_ID) values (55, 'Derk Quested', '4867265408', 'dquested1i@phoca.cz', 55);
insert into CLEN_KAPELY (CLEN_KAPELY_ID, MENO, MOBIL_CISLO, EMAIL, ADRESA_ID) values (56, 'Dav Pyser', '2051751604', 'dpyser1j@census.gov', 56);
insert into CLEN_KAPELY (CLEN_KAPELY_ID, MENO, MOBIL_CISLO, EMAIL, ADRESA_ID) values (57, 'Farah Corn', '2013580385', 'fcorn1k@springer.com', 57);
insert into CLEN_KAPELY (CLEN_KAPELY_ID, MENO, MOBIL_CISLO, EMAIL, ADRESA_ID) values (58, 'Teodorico Kmiec', '5364174583', 'tkmiec1l@artisteer.com', 58);
insert into CLEN_KAPELY (CLEN_KAPELY_ID, MENO, MOBIL_CISLO, EMAIL, ADRESA_ID) values (59, 'Leticia Sutherns', '4219612463', 'lsutherns1m@guardian.co.uk', 59);
insert into CLEN_KAPELY (CLEN_KAPELY_ID, MENO, MOBIL_CISLO, EMAIL, ADRESA_ID) values (60, 'Ondrea Hendrickx', '6465102923', 'ohendrickx1n@qq.com', 60);
insert into CLEN_KAPELY (CLEN_KAPELY_ID, MENO, MOBIL_CISLO, EMAIL, ADRESA_ID) values (61, 'Huntley Hasted', '5107912057', 'hhasted1o@alexa.com', 61);
insert into CLEN_KAPELY (CLEN_KAPELY_ID, MENO, MOBIL_CISLO, EMAIL, ADRESA_ID) values (62, 'Wynn Hartzogs', '2769981062', 'whartzogs1p@vistaprint.com', 62);
insert into CLEN_KAPELY (CLEN_KAPELY_ID, MENO, MOBIL_CISLO, EMAIL, ADRESA_ID) values (63, 'Godfree Capelle', '6701327992', 'gcapelle1q@etsy.com', 63);
insert into CLEN_KAPELY (CLEN_KAPELY_ID, MENO, MOBIL_CISLO, EMAIL, ADRESA_ID) values (64, 'Nariko Fotherby', '8929379246', 'nfotherby1r@list-manage.com', 64);
insert into CLEN_KAPELY (CLEN_KAPELY_ID, MENO, MOBIL_CISLO, EMAIL, ADRESA_ID) values (65, 'Griffie Bilsford', '8745284199', 'gbilsford1s@networkadvertising.org', 65);
insert into CLEN_KAPELY (CLEN_KAPELY_ID, MENO, MOBIL_CISLO, EMAIL, ADRESA_ID) values (66, 'Trevar Rawkesby', '6145561481', 'trawkesby1t@state.tx.us', 66);
insert into CLEN_KAPELY (CLEN_KAPELY_ID, MENO, MOBIL_CISLO, EMAIL, ADRESA_ID) values (67, 'Cam Fratson', '4721993279', 'cfratson1u@amazon.de', 67);
insert into CLEN_KAPELY (CLEN_KAPELY_ID, MENO, MOBIL_CISLO, EMAIL, ADRESA_ID) values (68, 'Averell Menichini', '2696474849', 'amenichini1v@upenn.edu', 68);
insert into CLEN_KAPELY (CLEN_KAPELY_ID, MENO, MOBIL_CISLO, EMAIL, ADRESA_ID) values (69, 'Guinna Bodleigh', '4315261770', 'gbodleigh1w@123-reg.co.uk', 69);
insert into CLEN_KAPELY (CLEN_KAPELY_ID, MENO, MOBIL_CISLO, EMAIL, ADRESA_ID) values (70, 'Brant Berisford', '6353287716', 'bberisford1x@ebay.co.uk', 70);
insert into CLEN_KAPELY (CLEN_KAPELY_ID, MENO, MOBIL_CISLO, EMAIL, ADRESA_ID) values (71, 'Thalia Petrello', '9758221466', 'tpetrello1y@icq.com', 71);
insert into CLEN_KAPELY (CLEN_KAPELY_ID, MENO, MOBIL_CISLO, EMAIL, ADRESA_ID) values (72, 'Cecilio Bewick', '9876010499', 'cbewick1z@dropbox.com', 72);
insert into CLEN_KAPELY (CLEN_KAPELY_ID, MENO, MOBIL_CISLO, EMAIL, ADRESA_ID) values (73, 'Nikolaus Huyge', '4175227265', 'nhuyge20@github.com', 73);
insert into CLEN_KAPELY (CLEN_KAPELY_ID, MENO, MOBIL_CISLO, EMAIL, ADRESA_ID) values (74, 'Daniel Dombek', '2979927914', 'pronci21@posterous.com', 74);
insert into CLEN_KAPELY (CLEN_KAPELY_ID, MENO, MOBIL_CISLO, EMAIL, ADRESA_ID) values (75, 'Marketa Moro', '9446491497', 'mmoro22@pbs.org', 75);
insert into CLEN_KAPELY (CLEN_KAPELY_ID, MENO, MOBIL_CISLO, EMAIL, ADRESA_ID) values (76, 'Mac Tyrer', '9026280799', 'mtyrer23@paginegialle.it', 76);
insert into CLEN_KAPELY (CLEN_KAPELY_ID, MENO, MOBIL_CISLO, EMAIL, ADRESA_ID) values (77, 'Alvina Derell', '8024435350', 'aderell24@deviantart.com', 77);
insert into CLEN_KAPELY (CLEN_KAPELY_ID, MENO, MOBIL_CISLO, EMAIL, ADRESA_ID) values (78, 'Daryl Batterham', '4452459899', 'dbatterham25@bloglines.com', 78);
insert into CLEN_KAPELY (CLEN_KAPELY_ID, MENO, MOBIL_CISLO, EMAIL, ADRESA_ID) values (79, 'Ester Drains', '3038336432', 'edrains26@huffingtonpost.com', 79);
insert into CLEN_KAPELY (CLEN_KAPELY_ID, MENO, MOBIL_CISLO, EMAIL, ADRESA_ID) values (80, 'Lanni Colbert', '1643323822', 'lcolbert27@jigsy.com', 80);
insert into CLEN_KAPELY (CLEN_KAPELY_ID, MENO, MOBIL_CISLO, EMAIL, ADRESA_ID) values (81, 'Blinni Avramovich', '3301640087', 'bavramovich28@slate.com', 81);
insert into CLEN_KAPELY (CLEN_KAPELY_ID, MENO, MOBIL_CISLO, EMAIL, ADRESA_ID) values (82, 'Amalie Pitchers', '5429757517', 'apitchers29@multiply.com', 82);
insert into CLEN_KAPELY (CLEN_KAPELY_ID, MENO, MOBIL_CISLO, EMAIL, ADRESA_ID) values (83, 'Babita Tonnesen', '4272307065', 'btonnesen2a@t-online.de', 83);
insert into CLEN_KAPELY (CLEN_KAPELY_ID, MENO, MOBIL_CISLO, EMAIL, ADRESA_ID) values (84, 'Franny Moorhead', '8381641614', 'fmoorhead2b@yelp.com', 84);
insert into CLEN_KAPELY (CLEN_KAPELY_ID, MENO, MOBIL_CISLO, EMAIL, ADRESA_ID) values (85, 'Darcie Dradey', '6166079865', 'ddradey2c@state.tx.us', 85);
insert into CLEN_KAPELY (CLEN_KAPELY_ID, MENO, MOBIL_CISLO, EMAIL, ADRESA_ID) values (86, 'Morna Cratchley', '3764042150', 'mcratchley2d@state.gov', 86);
insert into CLEN_KAPELY (CLEN_KAPELY_ID, MENO, MOBIL_CISLO, EMAIL, ADRESA_ID) values (87, 'Ammamaria Baack', '4717546683', 'abaack2e@biblegateway.com', 87);
insert into CLEN_KAPELY (CLEN_KAPELY_ID, MENO, MOBIL_CISLO, EMAIL, ADRESA_ID) values (88, 'Bonita Ebenezer', '9018034114', 'bebenezer2f@csmonitor.com', 88);
insert into CLEN_KAPELY (CLEN_KAPELY_ID, MENO, MOBIL_CISLO, EMAIL, ADRESA_ID) values (89, 'Marguerite Adamkiewicz', '2055827821', 'madamkiewicz2g@springer.com', 89);
insert into CLEN_KAPELY (CLEN_KAPELY_ID, MENO, MOBIL_CISLO, EMAIL, ADRESA_ID) values (90, 'Phil Agdahl', '3487294143', 'pagdahl2h@mediafire.com', 90);
insert into CLEN_KAPELY (CLEN_KAPELY_ID, MENO, MOBIL_CISLO, EMAIL, ADRESA_ID) values (91, 'Keely Bergstram', '8009747909', 'kbergstram2i@cnbc.com', 91);
insert into CLEN_KAPELY (CLEN_KAPELY_ID, MENO, MOBIL_CISLO, EMAIL, ADRESA_ID) values (92, 'Alfonse Fuzzey', '4026989615', 'afuzzey2j@psu.edu', 92);
insert into CLEN_KAPELY (CLEN_KAPELY_ID, MENO, MOBIL_CISLO, EMAIL, ADRESA_ID) values (93, 'Terri Fannin', '8645429485', 'tfannin2k@prlog.org', 93);
insert into CLEN_KAPELY (CLEN_KAPELY_ID, MENO, MOBIL_CISLO, EMAIL, ADRESA_ID) values (94, 'Felicity Wale', '8276247545', 'fwale2l@woothemes.com', 94);
insert into CLEN_KAPELY (CLEN_KAPELY_ID, MENO, MOBIL_CISLO, EMAIL, ADRESA_ID) values (95, 'Kristan Panketh', '6183844632', 'kpanketh2m@nih.gov', 95);
insert into CLEN_KAPELY (CLEN_KAPELY_ID, MENO, MOBIL_CISLO, EMAIL, ADRESA_ID) values (96, 'Dall Lavallie', '4031495539', 'dlavallie2n@infoseek.co.jp', 96);
insert into CLEN_KAPELY (CLEN_KAPELY_ID, MENO, MOBIL_CISLO, EMAIL, ADRESA_ID) values (97, 'Con Winder', '7372555486', 'cwinder2o@nytimes.com', 97);
insert into CLEN_KAPELY (CLEN_KAPELY_ID, MENO, MOBIL_CISLO, EMAIL, ADRESA_ID) values (98, 'Abby Hulatt', '9109902018', 'ahulatt2p@un.org', 98);
insert into CLEN_KAPELY (CLEN_KAPELY_ID, MENO, MOBIL_CISLO, EMAIL, ADRESA_ID) values (99, 'Ashlan Emig', '2716842934', 'aemig2q@eepurl.com', 99);
insert into CLEN_KAPELY (CLEN_KAPELY_ID, MENO, MOBIL_CISLO, EMAIL, ADRESA_ID) values (100, 'Cherie McRobbie', '9311211136', 'cmcrobbie2r@free.fr', 100);

insert into EVENT (EVENT_ID, NAZOV_EVENTU, DATUM, TYP) values (1, 'vulputate ut ultrices', '01.07.2018', 'TEDX');
insert into EVENT (EVENT_ID, NAZOV_EVENTU, DATUM, TYP) values (2, 'volutpat in', '27.11.2018', 'KONCERT');
insert into EVENT (EVENT_ID, NAZOV_EVENTU, DATUM, TYP) values (3, 'duis', '25.03.2019', 'TEDX');
insert into EVENT (EVENT_ID, NAZOV_EVENTU, DATUM, TYP) values (4, 'nunc proin', '07.08.2018', 'KONCERT');
insert into EVENT (EVENT_ID, NAZOV_EVENTU, DATUM, TYP) values (5, 'turpis enim blandit mi', '01.05.2018', 'DIVADLO');
insert into EVENT (EVENT_ID, NAZOV_EVENTU, DATUM, TYP) values (6, 'ipsum integer a nibh', '04.12.2018', 'DIVADLO');
insert into EVENT (EVENT_ID, NAZOV_EVENTU, DATUM, TYP) values (7, 'quis lectus suspendisse', '12.12.2018', 'KONCERT');
insert into EVENT (EVENT_ID, NAZOV_EVENTU, DATUM, TYP) values (8, 'sit amet turpis elementum', '09.06.2018', 'TEDX');
insert into EVENT (EVENT_ID, NAZOV_EVENTU, DATUM, TYP) values (9, 'posuere cubilia curae', '26.02.2019', 'DIVADLO');
insert into EVENT (EVENT_ID, NAZOV_EVENTU, DATUM, TYP) values (10, 'justo lacinia eget', '12.11.2018', 'KONCERT');
insert into EVENT (EVENT_ID, NAZOV_EVENTU, DATUM, TYP) values (11, 'donec ut', '27.05.2018', 'KONCERT');
insert into EVENT (EVENT_ID, NAZOV_EVENTU, DATUM, TYP) values (12, 'mi in', '04.07.2018', 'DIVADLO');
insert into EVENT (EVENT_ID, NAZOV_EVENTU, DATUM, TYP) values (13, 'rhoncus aliquam lacus', '12.07.2018', 'DIVADLO');
insert into EVENT (EVENT_ID, NAZOV_EVENTU, DATUM, TYP) values (14, 'nibh fusce', '02.06.2018', 'KONCERT');
insert into EVENT (EVENT_ID, NAZOV_EVENTU, DATUM, TYP) values (15, 'ut massa', '18.12.2018', 'DIVADLO');
insert into EVENT (EVENT_ID, NAZOV_EVENTU, DATUM, TYP) values (16, 'ultricies eu nibh quisque', '02.10.2018', 'KONCERT');
insert into EVENT (EVENT_ID, NAZOV_EVENTU, DATUM, TYP) values (17, 'imperdiet sapien', '10.10.2018', 'DIVADLO');
insert into EVENT (EVENT_ID, NAZOV_EVENTU, DATUM, TYP) values (18, 'vel', '17.02.2019', 'DIVADLO');
insert into EVENT (EVENT_ID, NAZOV_EVENTU, DATUM, TYP) values (19, 'ante', '23.02.2019', 'TEDX');
insert into EVENT (EVENT_ID, NAZOV_EVENTU, DATUM, TYP) values (20, 'ligula sit amet eleifend', '25.12.2018', 'DIVADLO');
insert into EVENT (EVENT_ID, NAZOV_EVENTU, DATUM, TYP) values (21, 'eu est congue elementum', '17.12.2018', 'KONCERT');
insert into EVENT (EVENT_ID, NAZOV_EVENTU, DATUM, TYP) values (22, 'vivamus', '22.08.2018', 'TEDX');
insert into EVENT (EVENT_ID, NAZOV_EVENTU, DATUM, TYP) values (23, 'morbi ut', '05.07.2018', 'TEDX');
insert into EVENT (EVENT_ID, NAZOV_EVENTU, DATUM, TYP) values (24, 'lacus morbi sem mauris', '12.01.2019', 'KONCERT');
insert into EVENT (EVENT_ID, NAZOV_EVENTU, DATUM, TYP) values (25, 'mi in', '30.01.2019', 'DIVADLO');
insert into EVENT (EVENT_ID, NAZOV_EVENTU, DATUM, TYP) values (26, 'eu', '28.01.2019', 'KONCERT');
insert into EVENT (EVENT_ID, NAZOV_EVENTU, DATUM, TYP) values (27, 'neque', '28.04.2018', 'TEDX');
insert into EVENT (EVENT_ID, NAZOV_EVENTU, DATUM, TYP) values (28, 'id turpis integer', '08.10.2018', 'KONCERT');
insert into EVENT (EVENT_ID, NAZOV_EVENTU, DATUM, TYP) values (29, 'pede ac diam cras', '05.09.2018', 'DIVADLO');
insert into EVENT (EVENT_ID, NAZOV_EVENTU, DATUM, TYP) values (30, 'neque', '31.01.2019', 'DIVADLO');
insert into EVENT (EVENT_ID, NAZOV_EVENTU, DATUM, TYP) values (31, 'interdum', '09.06.2018', 'TEDX');
insert into EVENT (EVENT_ID, NAZOV_EVENTU, DATUM, TYP) values (32, 'ut suscipit', '30.12.2018', 'KONCERT');
insert into EVENT (EVENT_ID, NAZOV_EVENTU, DATUM, TYP) values (33, 'nisi nam', '11.10.2018', 'KONCERT');
insert into EVENT (EVENT_ID, NAZOV_EVENTU, DATUM, TYP) values (34, 'sit amet nunc', '09.06.2018', 'TEDX');
insert into EVENT (EVENT_ID, NAZOV_EVENTU, DATUM, TYP) values (35, 'varius', '12.05.2018', 'KONCERT');
insert into EVENT (EVENT_ID, NAZOV_EVENTU, DATUM, TYP) values (36, 'est et tempus semper', '05.02.2019', 'TEDX');
insert into EVENT (EVENT_ID, NAZOV_EVENTU, DATUM, TYP) values (37, 'mattis odio donec', '18.06.2018', 'TEDX');
insert into EVENT (EVENT_ID, NAZOV_EVENTU, DATUM, TYP) values (38, 'diam id', '17.10.2018', 'KONCERT');
insert into EVENT (EVENT_ID, NAZOV_EVENTU, DATUM, TYP) values (39, 'et tempus semper est', '24.06.2018', 'KONCERT');
insert into EVENT (EVENT_ID, NAZOV_EVENTU, DATUM, TYP) values (40, 'odio condimentum id luctus', '04.06.2018', 'TEDX');
insert into EVENT (EVENT_ID, NAZOV_EVENTU, DATUM, TYP) values (41, 'ut mauris eget', '04.05.2018', 'DIVADLO');
insert into EVENT (EVENT_ID, NAZOV_EVENTU, DATUM, TYP) values (42, 'erat vestibulum', '22.04.2019', 'DIVADLO');
insert into EVENT (EVENT_ID, NAZOV_EVENTU, DATUM, TYP) values (43, 'imperdiet nullam orci', '17.01.2019', 'TEDX');
insert into EVENT (EVENT_ID, NAZOV_EVENTU, DATUM, TYP) values (44, 'in', '09.02.2019', 'TEDX');
insert into EVENT (EVENT_ID, NAZOV_EVENTU, DATUM, TYP) values (45, 'at lorem', '23.07.2018', 'DIVADLO');
insert into EVENT (EVENT_ID, NAZOV_EVENTU, DATUM, TYP) values (46, 'integer non', '19.03.2019', 'TEDX');
insert into EVENT (EVENT_ID, NAZOV_EVENTU, DATUM, TYP) values (47, 'quis', '02.01.2019', 'TEDX');
insert into EVENT (EVENT_ID, NAZOV_EVENTU, DATUM, TYP) values (48, 'ut erat id', '08.10.2018', 'KONCERT');
insert into EVENT (EVENT_ID, NAZOV_EVENTU, DATUM, TYP) values (49, 'leo', '10.03.2019', 'KONCERT');
insert into EVENT (EVENT_ID, NAZOV_EVENTU, DATUM, TYP) values (50, 'sed accumsan felis ut', '12.12.2018', 'DIVADLO');
insert into EVENT (EVENT_ID, NAZOV_EVENTU, DATUM, TYP) values (51, 'et', '10.12.2018', 'DIVADLO');
insert into EVENT (EVENT_ID, NAZOV_EVENTU, DATUM, TYP) values (52, 'nullam porttitor lacus at', '08.03.2019', 'DIVADLO');
insert into EVENT (EVENT_ID, NAZOV_EVENTU, DATUM, TYP) values (53, 'libero quis orci nullam', '14.02.2019', 'TEDX');
insert into EVENT (EVENT_ID, NAZOV_EVENTU, DATUM, TYP) values (54, 'mauris enim', '19.12.2018', 'TEDX');
insert into EVENT (EVENT_ID, NAZOV_EVENTU, DATUM, TYP) values (55, 'amet justo morbi', '03.03.2019', 'TEDX');
insert into EVENT (EVENT_ID, NAZOV_EVENTU, DATUM, TYP) values (56, 'aliquam quis', '27.01.2019', 'KONCERT');
insert into EVENT (EVENT_ID, NAZOV_EVENTU, DATUM, TYP) values (57, 'habitasse platea dictumst maecenas', '08.09.2018', 'DIVADLO');
insert into EVENT (EVENT_ID, NAZOV_EVENTU, DATUM, TYP) values (58, 'ac', '06.07.2018', 'DIVADLO');
insert into EVENT (EVENT_ID, NAZOV_EVENTU, DATUM, TYP) values (59, 'accumsan', '05.07.2018', 'TEDX');
insert into EVENT (EVENT_ID, NAZOV_EVENTU, DATUM, TYP) values (60, 'nunc', '01.09.2018', 'KONCERT');
insert into EVENT (EVENT_ID, NAZOV_EVENTU, DATUM, TYP) values (61, 'mi nulla ac enim', '01.08.2018', 'TEDX');
insert into EVENT (EVENT_ID, NAZOV_EVENTU, DATUM, TYP) values (62, 'a', '20.10.2018', 'TEDX');
insert into EVENT (EVENT_ID, NAZOV_EVENTU, DATUM, TYP) values (63, 'ante ipsum', '26.04.2018', 'DIVADLO');
insert into EVENT (EVENT_ID, NAZOV_EVENTU, DATUM, TYP) values (64, 'lacinia sapien quis libero', '06.07.2018', 'KONCERT');
insert into EVENT (EVENT_ID, NAZOV_EVENTU, DATUM, TYP) values (65, 'morbi vestibulum', '19.06.2018', 'TEDX');
insert into EVENT (EVENT_ID, NAZOV_EVENTU, DATUM, TYP) values (66, 'nulla', '13.03.2019', 'KONCERT');
insert into EVENT (EVENT_ID, NAZOV_EVENTU, DATUM, TYP) values (67, 'eget tempus', '05.08.2018', 'TEDX');
insert into EVENT (EVENT_ID, NAZOV_EVENTU, DATUM, TYP) values (68, 'posuere felis sed lacus', '19.10.2018', 'TEDX');
insert into EVENT (EVENT_ID, NAZOV_EVENTU, DATUM, TYP) values (69, 'sodales sed tincidunt', '29.04.2018', 'KONCERT');
insert into EVENT (EVENT_ID, NAZOV_EVENTU, DATUM, TYP) values (70, 'mauris ullamcorper purus', '22.02.2019', 'KONCERT');
insert into EVENT (EVENT_ID, NAZOV_EVENTU, DATUM, TYP) values (71, 'sapien', '25.08.2018', 'DIVADLO');
insert into EVENT (EVENT_ID, NAZOV_EVENTU, DATUM, TYP) values (72, 'id', '06.08.2018', 'KONCERT');
insert into EVENT (EVENT_ID, NAZOV_EVENTU, DATUM, TYP) values (73, 'ipsum aliquam', '08.10.2018', 'DIVADLO');
insert into EVENT (EVENT_ID, NAZOV_EVENTU, DATUM, TYP) values (74, 'mauris eget', '24.08.2018', 'TEDX');
insert into EVENT (EVENT_ID, NAZOV_EVENTU, DATUM, TYP) values (75, 'sed ante vivamus tortor', '22.08.2018', 'DIVADLO');
insert into EVENT (EVENT_ID, NAZOV_EVENTU, DATUM, TYP) values (76, 'tortor', '17.12.2018', 'KONCERT');
insert into EVENT (EVENT_ID, NAZOV_EVENTU, DATUM, TYP) values (77, 'iaculis justo in hac', '25.10.2018', 'DIVADLO');
insert into EVENT (EVENT_ID, NAZOV_EVENTU, DATUM, TYP) values (78, 'ut suscipit a feugiat', '01.06.2018', 'DIVADLO');
insert into EVENT (EVENT_ID, NAZOV_EVENTU, DATUM, TYP) values (79, 'mattis egestas', '20.10.2018', 'DIVADLO');
insert into EVENT (EVENT_ID, NAZOV_EVENTU, DATUM, TYP) values (80, 'amet cursus id turpis', '31.05.2018', 'DIVADLO');
insert into EVENT (EVENT_ID, NAZOV_EVENTU, DATUM, TYP) values (81, 'luctus ultricies eu nibh', '30.04.2018', 'DIVADLO');
insert into EVENT (EVENT_ID, NAZOV_EVENTU, DATUM, TYP) values (82, 'nisi eu orci mauris', '13.08.2018', 'TEDX');
insert into EVENT (EVENT_ID, NAZOV_EVENTU, DATUM, TYP) values (83, 'est congue elementum', '21.06.2018', 'DIVADLO');
insert into EVENT (EVENT_ID, NAZOV_EVENTU, DATUM, TYP) values (84, 'tincidunt eget tempus vel', '27.10.2018', 'TEDX');
insert into EVENT (EVENT_ID, NAZOV_EVENTU, DATUM, TYP) values (85, 'sagittis nam congue risus', '08.10.2018', 'DIVADLO');
insert into EVENT (EVENT_ID, NAZOV_EVENTU, DATUM, TYP) values (86, 'nec condimentum neque', '14.06.2018', 'KONCERT');
insert into EVENT (EVENT_ID, NAZOV_EVENTU, DATUM, TYP) values (87, 'curae mauris viverra', '03.07.2018', 'KONCERT');
insert into EVENT (EVENT_ID, NAZOV_EVENTU, DATUM, TYP) values (88, 'lectus', '16.06.2018', 'DIVADLO');
insert into EVENT (EVENT_ID, NAZOV_EVENTU, DATUM, TYP) values (89, 'dolor', '26.01.2019', 'KONCERT');
insert into EVENT (EVENT_ID, NAZOV_EVENTU, DATUM, TYP) values (90, 'amet sapien dignissim', '08.08.2018', 'DIVADLO');
insert into EVENT (EVENT_ID, NAZOV_EVENTU, DATUM, TYP) values (91, 'sed nisl nunc', '07.10.2018', 'TEDX');
insert into EVENT (EVENT_ID, NAZOV_EVENTU, DATUM, TYP) values (92, 'mauris non ligula pellentesque', '22.08.2018', 'KONCERT');
insert into EVENT (EVENT_ID, NAZOV_EVENTU, DATUM, TYP) values (93, 'cum sociis natoque penatibus', '30.06.2018', 'TEDX');
insert into EVENT (EVENT_ID, NAZOV_EVENTU, DATUM, TYP) values (94, 'eget tincidunt eget tempus', '17.09.2018', 'TEDX');
insert into EVENT (EVENT_ID, NAZOV_EVENTU, DATUM, TYP) values (95, 'enim blandit mi in', '23.02.2019', 'TEDX');
insert into EVENT (EVENT_ID, NAZOV_EVENTU, DATUM, TYP) values (96, 'nec sem', '14.03.2019', 'TEDX');
insert into EVENT (EVENT_ID, NAZOV_EVENTU, DATUM, TYP) values (97, 'sem fusce', '26.10.2018', 'TEDX');
insert into EVENT (EVENT_ID, NAZOV_EVENTU, DATUM, TYP) values (98, 'vitae nisi nam ultrices', '05.08.2018', 'KONCERT');
insert into EVENT (EVENT_ID, NAZOV_EVENTU, DATUM, TYP) values (99, 'vel nulla eget', '17.11.2018', 'KONCERT');
insert into EVENT (EVENT_ID, NAZOV_EVENTU, DATUM, TYP) values (100, 'fusce', '11.06.2018', 'DIVADLO');


Insert into DIVADLO (NAZOV_PREDSTAVENIA,CENA_VSTUPENKY,EVENT_ID) values ('sapien placerat','60','5');
Insert into DIVADLO (NAZOV_PREDSTAVENIA,CENA_VSTUPENKY,EVENT_ID) values ('tortor','90','6');
Insert into DIVADLO (NAZOV_PREDSTAVENIA,CENA_VSTUPENKY,EVENT_ID) values ('ante ipsum','16','9');
Insert into DIVADLO (NAZOV_PREDSTAVENIA,CENA_VSTUPENKY,EVENT_ID) values ('interdum','84','12');
Insert into DIVADLO (NAZOV_PREDSTAVENIA,CENA_VSTUPENKY,EVENT_ID) values ('magnis','99','13');
Insert into DIVADLO (NAZOV_PREDSTAVENIA,CENA_VSTUPENKY,EVENT_ID) values ('at velit eu','89','15');
Insert into DIVADLO (NAZOV_PREDSTAVENIA,CENA_VSTUPENKY,EVENT_ID) values ('faucibus accumsan','73','17');
Insert into DIVADLO (NAZOV_PREDSTAVENIA,CENA_VSTUPENKY,EVENT_ID) values ('penatibus et magnis dis','56','18');
Insert into DIVADLO (NAZOV_PREDSTAVENIA,CENA_VSTUPENKY,EVENT_ID) values ('condimentum id','59','20');
Insert into DIVADLO (NAZOV_PREDSTAVENIA,CENA_VSTUPENKY,EVENT_ID) values ('placerat ante','61','25');
Insert into DIVADLO (NAZOV_PREDSTAVENIA,CENA_VSTUPENKY,EVENT_ID) values ('duis mattis egestas','76','29');
Insert into DIVADLO (NAZOV_PREDSTAVENIA,CENA_VSTUPENKY,EVENT_ID) values ('sed nisl nunc rhoncus dui','96','30');
Insert into DIVADLO (NAZOV_PREDSTAVENIA,CENA_VSTUPENKY,EVENT_ID) values ('in felis donec','92','41');
Insert into DIVADLO (NAZOV_PREDSTAVENIA,CENA_VSTUPENKY,EVENT_ID) values ('consectetuer adipiscing elit','24','42');
Insert into DIVADLO (NAZOV_PREDSTAVENIA,CENA_VSTUPENKY,EVENT_ID) values ('orci luctus et ultrices','68','45');
Insert into DIVADLO (NAZOV_PREDSTAVENIA,CENA_VSTUPENKY,EVENT_ID) values ('interdum','97','50');
Insert into DIVADLO (NAZOV_PREDSTAVENIA,CENA_VSTUPENKY,EVENT_ID) values ('tempus vel','51','51');
Insert into DIVADLO (NAZOV_PREDSTAVENIA,CENA_VSTUPENKY,EVENT_ID) values ('duis ac nibh','18','52');
Insert into DIVADLO (NAZOV_PREDSTAVENIA,CENA_VSTUPENKY,EVENT_ID) values ('congue eget semper','33','57');
Insert into DIVADLO (NAZOV_PREDSTAVENIA,CENA_VSTUPENKY,EVENT_ID) values ('a','64','58');
Insert into DIVADLO (NAZOV_PREDSTAVENIA,CENA_VSTUPENKY,EVENT_ID) values ('sit amet cursus id','47','63');
Insert into DIVADLO (NAZOV_PREDSTAVENIA,CENA_VSTUPENKY,EVENT_ID) values ('parturient montes','63','71');
Insert into DIVADLO (NAZOV_PREDSTAVENIA,CENA_VSTUPENKY,EVENT_ID) values ('nisi','63','73');
Insert into DIVADLO (NAZOV_PREDSTAVENIA,CENA_VSTUPENKY,EVENT_ID) values ('dolor vel est','81','75');
Insert into DIVADLO (NAZOV_PREDSTAVENIA,CENA_VSTUPENKY,EVENT_ID) values ('massa id lobortis convallis','5','77');
Insert into DIVADLO (NAZOV_PREDSTAVENIA,CENA_VSTUPENKY,EVENT_ID) values ('natoque penatibus et magnis dis','52','78');
Insert into DIVADLO (NAZOV_PREDSTAVENIA,CENA_VSTUPENKY,EVENT_ID) values ('amet eros suspendisse','55','79');
Insert into DIVADLO (NAZOV_PREDSTAVENIA,CENA_VSTUPENKY,EVENT_ID) values ('vestibulum sagittis sapien cum sociis','43','80');
Insert into DIVADLO (NAZOV_PREDSTAVENIA,CENA_VSTUPENKY,EVENT_ID) values ('in hac habitasse','14','81');
Insert into DIVADLO (NAZOV_PREDSTAVENIA,CENA_VSTUPENKY,EVENT_ID) values ('bibendum morbi non','25','83');
Insert into DIVADLO (NAZOV_PREDSTAVENIA,CENA_VSTUPENKY,EVENT_ID) values ('felis ut at dolor','37','85');
Insert into DIVADLO (NAZOV_PREDSTAVENIA,CENA_VSTUPENKY,EVENT_ID) values ('luctus rutrum nulla tellus in','74','88');
Insert into DIVADLO (NAZOV_PREDSTAVENIA,CENA_VSTUPENKY,EVENT_ID) values ('sit amet eros suspendisse accumsan','63','90');
Insert into DIVADLO (NAZOV_PREDSTAVENIA,CENA_VSTUPENKY,EVENT_ID) values ('proin at turpis','29','100');


Insert into TEDX (EVENT_ID,TEDTALKER,CENA_VSTUPENKY) values ('1','Dode Southerill','9');
Insert into TEDX (EVENT_ID,TEDTALKER,CENA_VSTUPENKY) values ('3','Teresita Denman','2');
Insert into TEDX (EVENT_ID,TEDTALKER,CENA_VSTUPENKY) values ('8','Duffie Hunting','65');
Insert into TEDX (EVENT_ID,TEDTALKER,CENA_VSTUPENKY) values ('19','Georgiana Parrish','76');
Insert into TEDX (EVENT_ID,TEDTALKER,CENA_VSTUPENKY) values ('22','Hansiain Baert','85');
Insert into TEDX (EVENT_ID,TEDTALKER,CENA_VSTUPENKY) values ('23','Mimi Monckton','17');
Insert into TEDX (EVENT_ID,TEDTALKER,CENA_VSTUPENKY) values ('27','Gabbie Fennelow','92');
Insert into TEDX (EVENT_ID,TEDTALKER,CENA_VSTUPENKY) values ('31','Katinka Marfield','92');
Insert into TEDX (EVENT_ID,TEDTALKER,CENA_VSTUPENKY) values ('34','Lucie Softley','49');
Insert into TEDX (EVENT_ID,TEDTALKER,CENA_VSTUPENKY) values ('36','Merna Maddison','91');
Insert into TEDX (EVENT_ID,TEDTALKER,CENA_VSTUPENKY) values ('37','Elane Brogiotti','27');
Insert into TEDX (EVENT_ID,TEDTALKER,CENA_VSTUPENKY) values ('40','Tanya Ipsley','92');
Insert into TEDX (EVENT_ID,TEDTALKER,CENA_VSTUPENKY) values ('43','Tally Melsome','7');
Insert into TEDX (EVENT_ID,TEDTALKER,CENA_VSTUPENKY) values ('44','Alfonso Jarrel','42');
Insert into TEDX (EVENT_ID,TEDTALKER,CENA_VSTUPENKY) values ('46','Cherilynn Robertsson','90');
Insert into TEDX (EVENT_ID,TEDTALKER,CENA_VSTUPENKY) values ('47','Evey Siggery','76');
Insert into TEDX (EVENT_ID,TEDTALKER,CENA_VSTUPENKY) values ('53','Drucie Pedrocco','18');
Insert into TEDX (EVENT_ID,TEDTALKER,CENA_VSTUPENKY) values ('54','Arleta Liver','74');
Insert into TEDX (EVENT_ID,TEDTALKER,CENA_VSTUPENKY) values ('55','Kissiah Capel','25');
Insert into TEDX (EVENT_ID,TEDTALKER,CENA_VSTUPENKY) values ('59','Candis Gylle','14');
Insert into TEDX (EVENT_ID,TEDTALKER,CENA_VSTUPENKY) values ('61','Elena Millsap','74');
Insert into TEDX (EVENT_ID,TEDTALKER,CENA_VSTUPENKY) values ('62','Gertruda Masarrat','27');
Insert into TEDX (EVENT_ID,TEDTALKER,CENA_VSTUPENKY) values ('65','Lisette Lovemore','13');
Insert into TEDX (EVENT_ID,TEDTALKER,CENA_VSTUPENKY) values ('67','Caye Botterman','70');
Insert into TEDX (EVENT_ID,TEDTALKER,CENA_VSTUPENKY) values ('68','Bill Awmack','56');
Insert into TEDX (EVENT_ID,TEDTALKER,CENA_VSTUPENKY) values ('74','Storm Capaldi','96');
Insert into TEDX (EVENT_ID,TEDTALKER,CENA_VSTUPENKY) values ('82','Adelina Joseph','16');
Insert into TEDX (EVENT_ID,TEDTALKER,CENA_VSTUPENKY) values ('84','Hector Weldrake','99');
Insert into TEDX (EVENT_ID,TEDTALKER,CENA_VSTUPENKY) values ('91','Fletch Merida','28');
Insert into TEDX (EVENT_ID,TEDTALKER,CENA_VSTUPENKY) values ('93','Ashby Carn','23');
Insert into TEDX (EVENT_ID,TEDTALKER,CENA_VSTUPENKY) values ('94','Jesse McKilroe','15');
Insert into TEDX (EVENT_ID,TEDTALKER,CENA_VSTUPENKY) values ('95','Yolanthe Renac','60');
Insert into TEDX (EVENT_ID,TEDTALKER,CENA_VSTUPENKY) values ('96','Gregoor Van Driel','76');
Insert into TEDX (EVENT_ID,TEDTALKER,CENA_VSTUPENKY) values ('97','Constantine Danter','52');


Insert into KONCERT (POCET_KAPIEL,CENA_VSTUPENKY,EVENT_ID) values ('3','80','2');
Insert into KONCERT (POCET_KAPIEL,CENA_VSTUPENKY,EVENT_ID) values ('1','36','4');
Insert into KONCERT (POCET_KAPIEL,CENA_VSTUPENKY,EVENT_ID) values ('2','9','7');
Insert into KONCERT (POCET_KAPIEL,CENA_VSTUPENKY,EVENT_ID) values ('5','56','10');
Insert into KONCERT (POCET_KAPIEL,CENA_VSTUPENKY,EVENT_ID) values ('3','90','11');
Insert into KONCERT (POCET_KAPIEL,CENA_VSTUPENKY,EVENT_ID) values ('5','57','14');
Insert into KONCERT (POCET_KAPIEL,CENA_VSTUPENKY,EVENT_ID) values ('5','61','16');
Insert into KONCERT (POCET_KAPIEL,CENA_VSTUPENKY,EVENT_ID) values ('5','66','21');
Insert into KONCERT (POCET_KAPIEL,CENA_VSTUPENKY,EVENT_ID) values ('2','39','24');
Insert into KONCERT (POCET_KAPIEL,CENA_VSTUPENKY,EVENT_ID) values ('5','48','26');
Insert into KONCERT (POCET_KAPIEL,CENA_VSTUPENKY,EVENT_ID) values ('3','36','28');
Insert into KONCERT (POCET_KAPIEL,CENA_VSTUPENKY,EVENT_ID) values ('5','78','32');
Insert into KONCERT (POCET_KAPIEL,CENA_VSTUPENKY,EVENT_ID) values ('4','55','33');
Insert into KONCERT (POCET_KAPIEL,CENA_VSTUPENKY,EVENT_ID) values ('2','65','35');
Insert into KONCERT (POCET_KAPIEL,CENA_VSTUPENKY,EVENT_ID) values ('1','67','38');
Insert into KONCERT (POCET_KAPIEL,CENA_VSTUPENKY,EVENT_ID) values ('4','87','39');
Insert into KONCERT (POCET_KAPIEL,CENA_VSTUPENKY,EVENT_ID) values ('2','91','48');
Insert into KONCERT (POCET_KAPIEL,CENA_VSTUPENKY,EVENT_ID) values ('5','22','49');
Insert into KONCERT (POCET_KAPIEL,CENA_VSTUPENKY,EVENT_ID) values ('1','73','56');
Insert into KONCERT (POCET_KAPIEL,CENA_VSTUPENKY,EVENT_ID) values ('1','67','60');
Insert into KONCERT (POCET_KAPIEL,CENA_VSTUPENKY,EVENT_ID) values ('5','11','64');
Insert into KONCERT (POCET_KAPIEL,CENA_VSTUPENKY,EVENT_ID) values ('3','55','66');
Insert into KONCERT (POCET_KAPIEL,CENA_VSTUPENKY,EVENT_ID) values ('4','90','69');
Insert into KONCERT (POCET_KAPIEL,CENA_VSTUPENKY,EVENT_ID) values ('4','76','70');
Insert into KONCERT (POCET_KAPIEL,CENA_VSTUPENKY,EVENT_ID) values ('5','58','72');
Insert into KONCERT (POCET_KAPIEL,CENA_VSTUPENKY,EVENT_ID) values ('2','82','76');
Insert into KONCERT (POCET_KAPIEL,CENA_VSTUPENKY,EVENT_ID) values ('2','25','86');
Insert into KONCERT (POCET_KAPIEL,CENA_VSTUPENKY,EVENT_ID) values ('3','88','87');
Insert into KONCERT (POCET_KAPIEL,CENA_VSTUPENKY,EVENT_ID) values ('1','57','89');
Insert into KONCERT (POCET_KAPIEL,CENA_VSTUPENKY,EVENT_ID) values ('1','26','92');
Insert into KONCERT (POCET_KAPIEL,CENA_VSTUPENKY,EVENT_ID) values ('2','77','98');
Insert into KONCERT (POCET_KAPIEL,CENA_VSTUPENKY,EVENT_ID) values ('4','43','99');

insert into KAPELA (KAPELA_ID, NAZOV_KAPELY, POPIS) values (1, 'Dial 1119', 'in felis eu sapien cursus vestibulum proin eu mi nulla ac enim in tempor turpis nec euismod scelerisque quam turpis adipiscing lorem vitae mattis nibh ligula nec sem duis aliquam');
insert into KAPELA (KAPELA_ID, NAZOV_KAPELY, POPIS) values (2, 'Thunderbirds', 'phasellus in felis donec semper sapien a libero nam dui proin leo odio porttitor id consequat in consequat ut nulla sed accumsan felis ut at dolor quis odio consequat varius integer ac leo pellentesque ultrices mattis odio donec vitae nisi nam ultrices libero non mattis pulvinar nulla pede ullamcorper augue a suscipit nulla');
insert into KAPELA (KAPELA_ID, NAZOV_KAPELY, POPIS) values (3, 'Anger Management', 'fermentum donec ut mauris eget massa tempor convallis nulla neque libero convallis eget eleifend luctus ultricies eu nibh quisque id justo sit amet sapien dignissim vestibulum vestibulum ante');
insert into KAPELA (KAPELA_ID, NAZOV_KAPELY, POPIS) values (4, 'Possession, The', 'convallis eget eleifend luctus ultricies eu nibh quisque id justo sit amet sapien dignissim vestibulum vestibulum ante ipsum primis in faucibus orci luctus et ultrices posuere cubilia curae nulla dapibus dolor vel est donec odio justo');
insert into KAPELA (KAPELA_ID, NAZOV_KAPELY, POPIS) values (5, 'Bigamist, The', 'aliquet massa id lobortis convallis tortor risus dapibus augue vel accumsan tellus nisi eu orci mauris lacinia sapien quis libero nullam sit amet turpis elementum ligula vehicula consequat morbi a ipsum integer a nibh in quis justo maecenas rhoncus aliquam lacus morbi');
insert into KAPELA (KAPELA_ID, NAZOV_KAPELY, POPIS) values (6, 'The Way He Looks', 'vivamus tortor duis mattis egestas metus aenean fermentum donec ut mauris eget massa tempor convallis nulla neque libero convallis eget eleifend luctus ultricies eu nibh quisque id justo sit amet sapien dignissim vestibulum vestibulum ante ipsum primis in faucibus orci');
insert into KAPELA (KAPELA_ID, NAZOV_KAPELY, POPIS) values (7, 'Salvage', 'natoque penatibus et magnis dis parturient montes nascetur ridiculus mus vivamus vestibulum sagittis sapien cum sociis natoque penatibus et magnis dis parturient montes nascetur ridiculus mus etiam vel augue vestibulum rutrum rutrum neque aenean');
insert into KAPELA (KAPELA_ID, NAZOV_KAPELY, POPIS) values (8, 'Zodiac', 'sem sed sagittis nam congue risus semper porta volutpat quam pede lobortis ligula sit amet eleifend pede libero quis orci nullam molestie nibh in lectus pellentesque at nulla suspendisse potenti cras in purus eu magna vulputate luctus');
insert into KAPELA (KAPELA_ID, NAZOV_KAPELY, POPIS) values (9, 'Everybody''s All-American', 'eget elit sodales scelerisque mauris sit amet eros suspendisse accumsan tortor quis turpis sed ante vivamus tortor duis mattis egestas metus aenean fermentum donec ut mauris eget massa tempor');
insert into KAPELA (KAPELA_ID, NAZOV_KAPELY, POPIS) values (10, 'Westward the Women', 'porttitor id consequat in consequat ut nulla sed accumsan felis ut at dolor quis odio consequat varius integer ac leo pellentesque ultrices mattis odio donec vitae nisi nam ultrices libero non mattis pulvinar nulla pede ullamcorper augue a suscipit nulla elit ac nulla sed vel');
insert into KAPELA (KAPELA_ID, NAZOV_KAPELY, POPIS) values (11, 'Faith Like Potatoes', 'vel lectus in quam fringilla rhoncus mauris enim leo rhoncus sed vestibulum sit amet cursus id turpis integer aliquet massa id lobortis convallis tortor risus dapibus augue vel accumsan tellus nisi eu orci mauris lacinia sapien quis libero nullam sit amet turpis elementum ligula vehicula');
insert into KAPELA (KAPELA_ID, NAZOV_KAPELY, POPIS) values (12, 'April Showers', 'in faucibus orci luctus et ultrices posuere cubilia curae mauris viverra diam vitae quam suspendisse potenti nullam porttitor lacus at turpis donec posuere metus vitae ipsum aliquam non mauris morbi non lectus aliquam sit amet diam in magna bibendum imperdiet nullam orci pede venenatis non sodales sed tincidunt eu felis fusce posuere felis sed lacus morbi sem');
insert into KAPELA (KAPELA_ID, NAZOV_KAPELY, POPIS) values (13, 'Tumbleweeds', 'metus vitae ipsum aliquam non mauris morbi non lectus aliquam sit amet diam in magna bibendum imperdiet nullam orci pede venenatis non sodales sed tincidunt eu felis fusce posuere felis sed lacus morbi sem mauris laoreet ut');
insert into KAPELA (KAPELA_ID, NAZOV_KAPELY, POPIS) values (14, 'IMAX: Hubble 3D', 'quam a odio in hac habitasse platea dictumst maecenas ut massa quis augue luctus tincidunt nulla mollis molestie lorem quisque ut erat curabitur gravida nisi at nibh in hac habitasse platea dictumst aliquam augue quam sollicitudin vitae consectetuer eget rutrum at lorem integer tincidunt ante vel ipsum praesent blandit lacinia');
insert into KAPELA (KAPELA_ID, NAZOV_KAPELY, POPIS) values (15, 'Perfect Family, The', 'sit amet sem fusce consequat nulla nisl nunc nisl duis bibendum felis sed interdum venenatis turpis enim blandit mi in porttitor pede justo eu massa donec dapibus duis at velit eu est congue elementum');
insert into KAPELA (KAPELA_ID, NAZOV_KAPELY, POPIS) values (16, 'Fantastic Flesh: The Art of Make-Up EFX', 'pretium iaculis diam erat fermentum justo nec condimentum neque sapien placerat ante nulla justo aliquam quis turpis eget elit sodales scelerisque mauris sit amet eros suspendisse accumsan tortor quis turpis sed ante vivamus tortor');
insert into KAPELA (KAPELA_ID, NAZOV_KAPELY, POPIS) values (17, 'At Middleton', 'vivamus tortor duis mattis egestas metus aenean fermentum donec ut mauris eget massa tempor convallis nulla neque libero convallis eget eleifend luctus ultricies eu nibh quisque id justo sit amet sapien dignissim vestibulum vestibulum ante ipsum primis in faucibus orci luctus et ultrices posuere cubilia curae nulla dapibus dolor vel est donec odio justo sollicitudin ut suscipit');
insert into KAPELA (KAPELA_ID, NAZOV_KAPELY, POPIS) values (18, 'Bucket Of Blood, A', 'quis turpis sed ante vivamus tortor duis mattis egestas metus aenean fermentum donec ut mauris eget massa tempor convallis nulla neque libero convallis eget eleifend luctus ultricies eu nibh quisque id justo sit amet sapien dignissim');
insert into KAPELA (KAPELA_ID, NAZOV_KAPELY, POPIS) values (19, 'Yobi, The Five-Tailed Fox', 'vel sem sed sagittis nam congue risus semper porta volutpat quam pede lobortis ligula sit amet eleifend pede libero quis orci nullam molestie nibh in lectus pellentesque at nulla suspendisse potenti cras in purus eu magna vulputate luctus cum sociis natoque penatibus et magnis dis parturient montes nascetur ridiculus mus vivamus vestibulum sagittis sapien cum sociis natoque penatibus et');
insert into KAPELA (KAPELA_ID, NAZOV_KAPELY, POPIS) values (20, 'Justice League: Doom ', 'erat volutpat in congue etiam justo etiam pretium iaculis justo in hac habitasse platea dictumst etiam faucibus cursus urna ut tellus nulla ut erat id mauris vulputate elementum nullam varius nulla facilisi cras non velit nec nisi vulputate nonummy maecenas tincidunt lacus at velit vivamus vel nulla eget eros elementum pellentesque quisque porta volutpat erat');
insert into KAPELA (KAPELA_ID, NAZOV_KAPELY, POPIS) values (21, 'Colony, The', 'orci luctus et ultrices posuere cubilia curae donec pharetra magna vestibulum aliquet ultrices erat tortor sollicitudin mi sit amet lobortis sapien sapien non mi integer ac neque duis bibendum morbi non quam nec dui luctus rutrum nulla tellus in sagittis dui vel nisl');
insert into KAPELA (KAPELA_ID, NAZOV_KAPELY, POPIS) values (22, 'Four Stories of St. Julian ', 'orci luctus et ultrices posuere cubilia curae donec pharetra magna vestibulum aliquet ultrices erat tortor sollicitudin mi sit amet lobortis sapien sapien non mi integer ac neque duis bibendum morbi non quam nec dui luctus rutrum nulla tellus in sagittis dui vel nisl duis ac nibh fusce');
insert into KAPELA (KAPELA_ID, NAZOV_KAPELY, POPIS) values (23, 'Hudson Hawk', 'ut erat id mauris vulputate elementum nullam varius nulla facilisi cras non velit nec nisi vulputate nonummy maecenas tincidunt lacus at velit vivamus vel nulla eget eros elementum pellentesque quisque porta volutpat erat quisque erat eros viverra eget congue eget semper rutrum nulla nunc purus');
insert into KAPELA (KAPELA_ID, NAZOV_KAPELY, POPIS) values (24, 'Wise Kids, The', 'enim leo rhoncus sed vestibulum sit amet cursus id turpis integer aliquet massa id lobortis convallis tortor risus dapibus augue vel accumsan tellus nisi eu orci mauris lacinia sapien quis libero nullam sit amet turpis elementum ligula vehicula consequat morbi a ipsum integer a nibh in quis justo maecenas rhoncus aliquam lacus morbi quis tortor');
insert into KAPELA (KAPELA_ID, NAZOV_KAPELY, POPIS) values (25, 'Mr. Moto''s Last Warning', 'nec euismod scelerisque quam turpis adipiscing lorem vitae mattis nibh ligula nec sem duis aliquam convallis nunc proin at turpis a pede posuere nonummy integer non velit donec diam neque vestibulum eget vulputate ut ultrices vel augue vestibulum ante ipsum primis in faucibus orci luctus et ultrices posuere cubilia');
insert into KAPELA (KAPELA_ID, NAZOV_KAPELY, POPIS) values (26, 'Flintstones in Viva Rock Vegas, The', 'ut massa quis augue luctus tincidunt nulla mollis molestie lorem quisque ut erat curabitur gravida nisi at nibh in hac habitasse platea dictumst aliquam augue quam sollicitudin vitae consectetuer eget rutrum at lorem integer tincidunt ante vel ipsum praesent blandit lacinia erat vestibulum sed magna at nunc commodo placerat praesent blandit nam');
insert into KAPELA (KAPELA_ID, NAZOV_KAPELY, POPIS) values (27, 'Exterminating Angel', 'augue luctus tincidunt nulla mollis molestie lorem quisque ut erat curabitur gravida nisi at nibh in hac habitasse platea dictumst aliquam augue quam sollicitudin vitae consectetuer eget rutrum at lorem integer tincidunt ante vel ipsum praesent blandit lacinia erat vestibulum');
insert into KAPELA (KAPELA_ID, NAZOV_KAPELY, POPIS) values (28, 'Man - Woman Wanted', 'vel sem sed sagittis nam congue risus semper porta volutpat quam pede lobortis ligula sit amet eleifend pede libero quis orci nullam molestie nibh in lectus pellentesque at nulla suspendisse potenti cras in purus eu magna vulputate luctus cum sociis natoque penatibus et magnis dis parturient montes nascetur ridiculus mus vivamus vestibulum sagittis sapien cum sociis natoque penatibus et magnis');
insert into KAPELA (KAPELA_ID, NAZOV_KAPELY, POPIS) values (29, 'Television Under the Swastika', 'hendrerit at vulputate vitae nisl aenean lectus pellentesque eget nunc donec quis orci eget orci vehicula condimentum curabitur in libero ut massa volutpat convallis morbi odio odio');
insert into KAPELA (KAPELA_ID, NAZOV_KAPELY, POPIS) values (30, 'The Beales of Grey Gardens', 'non interdum in ante vestibulum ante ipsum primis in faucibus orci luctus et ultrices posuere cubilia curae duis faucibus accumsan odio curabitur convallis duis consequat dui nec nisi volutpat eleifend donec ut dolor morbi vel lectus in quam fringilla rhoncus mauris enim leo rhoncus sed vestibulum sit amet cursus id');
insert into KAPELA (KAPELA_ID, NAZOV_KAPELY, POPIS) values (31, 'Octagon, The', 'vitae nisi nam ultrices libero non mattis pulvinar nulla pede ullamcorper augue a suscipit nulla elit ac nulla sed vel enim sit amet nunc viverra dapibus nulla suscipit ligula in lacus curabitur at');
insert into KAPELA (KAPELA_ID, NAZOV_KAPELY, POPIS) values (32, 'Wodehouse In Exile', 'lorem id ligula suspendisse ornare consequat lectus in est risus auctor sed tristique in tempus sit amet sem fusce consequat nulla nisl nunc nisl duis bibendum felis sed interdum venenatis turpis enim blandit mi in porttitor pede justo eu massa');
insert into KAPELA (KAPELA_ID, NAZOV_KAPELY, POPIS) values (33, 'Trial of Joan of Arc', 'sapien ut nunc vestibulum ante ipsum primis in faucibus orci luctus et ultrices posuere cubilia curae mauris viverra diam vitae quam suspendisse potenti nullam porttitor lacus at turpis donec');
insert into KAPELA (KAPELA_ID, NAZOV_KAPELY, POPIS) values (34, 'Moon Over Parador', 'ante vestibulum ante ipsum primis in faucibus orci luctus et ultrices posuere cubilia curae duis faucibus accumsan odio curabitur convallis duis consequat dui nec nisi volutpat eleifend donec ut dolor morbi vel lectus in quam fringilla rhoncus mauris enim leo rhoncus sed vestibulum sit amet cursus');
insert into KAPELA (KAPELA_ID, NAZOV_KAPELY, POPIS) values (35, 'Many Rivers to Cross', 'purus aliquet at feugiat non pretium quis lectus suspendisse potenti in eleifend quam a odio in hac habitasse platea dictumst maecenas ut massa quis augue luctus tincidunt nulla mollis molestie lorem quisque ut erat curabitur gravida');
insert into KAPELA (KAPELA_ID, NAZOV_KAPELY, POPIS) values (36, 'Zorro', 'aliquam lacus morbi quis tortor id nulla ultrices aliquet maecenas leo odio condimentum id luctus nec molestie sed justo pellentesque viverra pede ac diam cras pellentesque volutpat dui maecenas tristique est et tempus semper est quam pharetra magna ac consequat metus');
insert into KAPELA (KAPELA_ID, NAZOV_KAPELY, POPIS) values (37, 'Music Man, The', 'bibendum imperdiet nullam orci pede venenatis non sodales sed tincidunt eu felis fusce posuere felis sed lacus morbi sem mauris laoreet ut rhoncus aliquet pulvinar sed nisl nunc rhoncus dui vel sem sed sagittis nam congue risus semper porta volutpat quam pede lobortis ligula sit amet eleifend');
insert into KAPELA (KAPELA_ID, NAZOV_KAPELY, POPIS) values (38, 'Mr. Jones', 'tempus vivamus in felis eu sapien cursus vestibulum proin eu mi nulla ac enim in tempor turpis nec euismod scelerisque quam turpis adipiscing lorem vitae mattis nibh ligula nec sem duis aliquam convallis nunc proin at turpis a pede');
insert into KAPELA (KAPELA_ID, NAZOV_KAPELY, POPIS) values (39, 'Evil That Men Do, The', 'dui maecenas tristique est et tempus semper est quam pharetra magna ac consequat metus sapien ut nunc vestibulum ante ipsum primis in faucibus orci luctus et ultrices posuere cubilia curae mauris viverra diam vitae quam suspendisse potenti nullam porttitor lacus at turpis donec posuere metus vitae ipsum aliquam non mauris morbi non lectus');
insert into KAPELA (KAPELA_ID, NAZOV_KAPELY, POPIS) values (40, 'Beverly Hills Chihuahua 3', 'volutpat eleifend donec ut dolor morbi vel lectus in quam fringilla rhoncus mauris enim leo rhoncus sed vestibulum sit amet cursus id turpis integer aliquet massa id lobortis convallis tortor risus dapibus augue vel accumsan');
insert into KAPELA (KAPELA_ID, NAZOV_KAPELY, POPIS) values (41, 'Passenger, The (Professione: reporter)', 'felis sed interdum venenatis turpis enim blandit mi in porttitor pede justo eu massa donec dapibus duis at velit eu est congue elementum in hac habitasse platea');
insert into KAPELA (KAPELA_ID, NAZOV_KAPELY, POPIS) values (42, 'Swarm, The', 'maecenas ut massa quis augue luctus tincidunt nulla mollis molestie lorem quisque ut erat curabitur gravida nisi at nibh in hac habitasse platea dictumst aliquam');
insert into KAPELA (KAPELA_ID, NAZOV_KAPELY, POPIS) values (43, 'Stranger Than Paradise', 'ultrices posuere cubilia curae nulla dapibus dolor vel est donec odio justo sollicitudin ut suscipit a feugiat et eros vestibulum ac est lacinia nisi venenatis tristique fusce congue diam id ornare imperdiet sapien urna pretium nisl ut volutpat sapien arcu sed augue aliquam erat volutpat in congue etiam justo');
insert into KAPELA (KAPELA_ID, NAZOV_KAPELY, POPIS) values (44, 'Hatful of Rain, A', 'non lectus aliquam sit amet diam in magna bibendum imperdiet nullam orci pede venenatis non sodales sed tincidunt eu felis fusce posuere felis sed lacus morbi sem mauris laoreet ut rhoncus aliquet pulvinar sed nisl nunc rhoncus dui vel sem sed sagittis nam congue risus semper porta volutpat quam pede lobortis ligula sit');
insert into KAPELA (KAPELA_ID, NAZOV_KAPELY, POPIS) values (45, 'My Crazy Life (Mi vida loca)', 'duis mattis egestas metus aenean fermentum donec ut mauris eget massa tempor convallis nulla neque libero convallis eget eleifend luctus');
insert into KAPELA (KAPELA_ID, NAZOV_KAPELY, POPIS) values (46, 'September Dawn', 'aliquam erat volutpat in congue etiam justo etiam pretium iaculis justo in hac habitasse platea dictumst etiam faucibus cursus urna ut tellus nulla ut erat id mauris vulputate elementum nullam varius');
insert into KAPELA (KAPELA_ID, NAZOV_KAPELY, POPIS) values (47, 'Gamera vs. Guiron', 'sapien sapien non mi integer ac neque duis bibendum morbi non quam nec dui luctus rutrum nulla tellus in sagittis dui vel nisl duis ac nibh fusce lacus purus');
insert into KAPELA (KAPELA_ID, NAZOV_KAPELY, POPIS) values (48, 'Billy Jack Goes to Washington', 'mauris non ligula pellentesque ultrices phasellus id sapien in sapien iaculis congue vivamus metus arcu adipiscing molestie hendrerit at vulputate vitae nisl aenean lectus pellentesque eget nunc donec quis orci eget orci vehicula condimentum curabitur in libero ut');
insert into KAPELA (KAPELA_ID, NAZOV_KAPELY, POPIS) values (49, 'Brenda Starr', 'vestibulum eget vulputate ut ultrices vel augue vestibulum ante ipsum primis in faucibus orci luctus et ultrices posuere cubilia curae donec pharetra magna vestibulum aliquet ultrices erat tortor sollicitudin mi sit amet lobortis sapien sapien non mi integer ac');
insert into KAPELA (KAPELA_ID, NAZOV_KAPELY, POPIS) values (50, 'Locals, The', 'non ligula pellentesque ultrices phasellus id sapien in sapien iaculis congue vivamus metus arcu adipiscing molestie hendrerit at vulputate vitae');
insert into KAPELA (KAPELA_ID, NAZOV_KAPELY, POPIS) values (51, 'Blind (Beul-la-in-deu)', 'vitae consectetuer eget rutrum at lorem integer tincidunt ante vel ipsum praesent blandit lacinia erat vestibulum sed magna at nunc commodo placerat praesent blandit nam nulla integer pede justo lacinia eget tincidunt eget tempus vel pede morbi porttitor lorem id ligula suspendisse ornare consequat lectus in est risus auctor sed tristique');
insert into KAPELA (KAPELA_ID, NAZOV_KAPELY, POPIS) values (52, 'American Virgin', 'posuere nonummy integer non velit donec diam neque vestibulum eget vulputate ut ultrices vel augue vestibulum ante ipsum primis in faucibus orci luctus et ultrices posuere cubilia curae donec pharetra');
insert into KAPELA (KAPELA_ID, NAZOV_KAPELY, POPIS) values (53, 'Carless Love', 'amet nunc viverra dapibus nulla suscipit ligula in lacus curabitur at ipsum ac tellus semper interdum mauris ullamcorper purus sit amet nulla quisque arcu libero rutrum ac lobortis vel dapibus at diam nam tristique');
insert into KAPELA (KAPELA_ID, NAZOV_KAPELY, POPIS) values (54, 'The Great Day of the Flyers', 'quis odio consequat varius integer ac leo pellentesque ultrices mattis odio donec vitae nisi nam ultrices libero non mattis pulvinar nulla pede ullamcorper augue a suscipit nulla elit ac nulla sed vel enim sit amet nunc viverra dapibus nulla suscipit ligula in lacus curabitur at ipsum ac tellus semper interdum mauris ullamcorper purus sit amet nulla');
insert into KAPELA (KAPELA_ID, NAZOV_KAPELY, POPIS) values (55, 'The Dark Valley', 'curabitur convallis duis consequat dui nec nisi volutpat eleifend donec ut dolor morbi vel lectus in quam fringilla rhoncus mauris enim leo rhoncus sed vestibulum sit amet cursus id turpis integer aliquet massa id lobortis');
insert into KAPELA (KAPELA_ID, NAZOV_KAPELY, POPIS) values (56, 'Capote', 'phasellus in felis donec semper sapien a libero nam dui proin leo odio porttitor id consequat in consequat ut nulla sed accumsan felis ut at dolor quis odio consequat varius integer ac leo pellentesque ultrices mattis odio donec');
insert into KAPELA (KAPELA_ID, NAZOV_KAPELY, POPIS) values (57, 'Please Remove Your Shoes ', 'gravida sem praesent id massa id nisl venenatis lacinia aenean sit amet justo morbi ut odio cras mi pede malesuada in imperdiet et commodo');
insert into KAPELA (KAPELA_ID, NAZOV_KAPELY, POPIS) values (58, 'Bringing Up Bobby', 'ultrices posuere cubilia curae nulla dapibus dolor vel est donec odio justo sollicitudin ut suscipit a feugiat et eros vestibulum ac est');
insert into KAPELA (KAPELA_ID, NAZOV_KAPELY, POPIS) values (59, 'Judge, The', 'suscipit nulla elit ac nulla sed vel enim sit amet nunc viverra dapibus nulla suscipit ligula in lacus curabitur at ipsum ac tellus semper interdum mauris ullamcorper purus sit amet nulla quisque arcu libero rutrum ac lobortis');
insert into KAPELA (KAPELA_ID, NAZOV_KAPELY, POPIS) values (60, 'Mother Ksters Goes to Heaven', 'quis libero nullam sit amet turpis elementum ligula vehicula consequat morbi a ipsum integer a nibh in quis justo maecenas rhoncus aliquam lacus morbi quis tortor id nulla ultrices aliquet maecenas leo odio condimentum id luctus nec molestie sed justo pellentesque');
insert into KAPELA (KAPELA_ID, NAZOV_KAPELY, POPIS) values (61, 'Seven Little Foys, The', 'vestibulum sed magna at nunc commodo placerat praesent blandit nam nulla integer pede justo lacinia eget tincidunt eget tempus vel pede morbi porttitor lorem id ligula suspendisse ornare consequat lectus in est');
insert into KAPELA (KAPELA_ID, NAZOV_KAPELY, POPIS) values (62, 'Flightplan', 'leo rhoncus sed vestibulum sit amet cursus id turpis integer aliquet massa id lobortis convallis tortor risus dapibus augue vel accumsan tellus nisi eu orci mauris lacinia sapien quis libero nullam sit amet turpis elementum ligula vehicula consequat morbi a ipsum');
insert into KAPELA (KAPELA_ID, NAZOV_KAPELY, POPIS) values (63, 'Perils of the Sentimental Swordsman', 'enim in tempor turpis nec euismod scelerisque quam turpis adipiscing lorem vitae mattis nibh ligula nec sem duis aliquam convallis nunc proin at turpis a pede posuere nonummy integer non velit donec diam neque vestibulum eget vulputate ut ultrices vel augue vestibulum ante ipsum primis in faucibus orci luctus et ultrices posuere cubilia curae donec pharetra');
insert into KAPELA (KAPELA_ID, NAZOV_KAPELY, POPIS) values (64, 'Mogambo', 'in ante vestibulum ante ipsum primis in faucibus orci luctus et ultrices posuere cubilia curae duis faucibus accumsan odio curabitur convallis duis consequat dui nec nisi volutpat eleifend');
insert into KAPELA (KAPELA_ID, NAZOV_KAPELY, POPIS) values (65, 'Outlaw Josey Wales, The', 'justo pellentesque viverra pede ac diam cras pellentesque volutpat dui maecenas tristique est et tempus semper est quam pharetra magna ac consequat metus sapien ut nunc vestibulum ante ipsum primis');
insert into KAPELA (KAPELA_ID, NAZOV_KAPELY, POPIS) values (66, 'Retroactive', 'faucibus cursus urna ut tellus nulla ut erat id mauris vulputate elementum nullam varius nulla facilisi cras non velit nec nisi vulputate nonummy maecenas tincidunt lacus at velit vivamus vel');
insert into KAPELA (KAPELA_ID, NAZOV_KAPELY, POPIS) values (67, 'Best Seller', 'morbi quis tortor id nulla ultrices aliquet maecenas leo odio condimentum id luctus nec molestie sed justo pellentesque viverra pede ac diam cras');
insert into KAPELA (KAPELA_ID, NAZOV_KAPELY, POPIS) values (68, 'Bakhita', 'sapien urna pretium nisl ut volutpat sapien arcu sed augue aliquam erat volutpat in congue etiam justo etiam pretium iaculis justo in hac habitasse platea dictumst etiam faucibus');
insert into KAPELA (KAPELA_ID, NAZOV_KAPELY, POPIS) values (69, 'Fighter', 'justo aliquam quis turpis eget elit sodales scelerisque mauris sit amet eros suspendisse accumsan tortor quis turpis sed ante vivamus tortor duis mattis egestas metus aenean fermentum donec ut');
insert into KAPELA (KAPELA_ID, NAZOV_KAPELY, POPIS) values (70, 'Personals, The (Zheng hun qi shi)', 'integer ac neque duis bibendum morbi non quam nec dui luctus rutrum nulla tellus in sagittis dui vel nisl duis ac nibh fusce lacus purus aliquet at feugiat non pretium quis lectus suspendisse potenti in eleifend quam a odio in hac habitasse platea dictumst maecenas ut massa quis augue luctus tincidunt nulla mollis molestie lorem quisque ut erat');
insert into KAPELA (KAPELA_ID, NAZOV_KAPELY, POPIS) values (71, 'Earthsea (Legend of Earthsea)', 'dolor quis odio consequat varius integer ac leo pellentesque ultrices mattis odio donec vitae nisi nam ultrices libero non mattis pulvinar nulla pede ullamcorper augue a suscipit nulla elit ac nulla sed vel enim sit amet nunc viverra dapibus');
insert into KAPELA (KAPELA_ID, NAZOV_KAPELY, POPIS) values (72, 'Trinity and Beyond', 'sed accumsan felis ut at dolor quis odio consequat varius integer ac leo pellentesque ultrices mattis odio donec vitae nisi nam ultrices libero non mattis pulvinar nulla pede ullamcorper augue a suscipit nulla elit ac nulla sed vel enim sit amet nunc viverra dapibus');
insert into KAPELA (KAPELA_ID, NAZOV_KAPELY, POPIS) values (73, 'Sliding Doors', 'aliquam non mauris morbi non lectus aliquam sit amet diam in magna bibendum imperdiet nullam orci pede venenatis non sodales sed tincidunt eu felis fusce posuere felis sed lacus morbi sem mauris laoreet ut rhoncus aliquet pulvinar sed nisl nunc rhoncus dui vel sem sed sagittis nam congue risus semper');
insert into KAPELA (KAPELA_ID, NAZOV_KAPELY, POPIS) values (74, 'Kinyarwanda', 'dignissim vestibulum vestibulum ante ipsum primis in faucibus orci luctus et ultrices posuere cubilia curae nulla dapibus dolor vel est donec odio justo sollicitudin ut suscipit a feugiat et eros vestibulum');
insert into KAPELA (KAPELA_ID, NAZOV_KAPELY, POPIS) values (75, 'Lost World: Jurassic Park, The', 'dignissim vestibulum vestibulum ante ipsum primis in faucibus orci luctus et ultrices posuere cubilia curae nulla dapibus dolor vel est donec odio justo sollicitudin ut suscipit a feugiat et eros vestibulum ac est lacinia nisi venenatis tristique fusce congue diam id ornare imperdiet sapien urna pretium nisl ut volutpat sapien arcu sed augue aliquam erat volutpat in congue etiam justo');
insert into KAPELA (KAPELA_ID, NAZOV_KAPELY, POPIS) values (76, 'Jungle Man-Eaters', 'pede morbi porttitor lorem id ligula suspendisse ornare consequat lectus in est risus auctor sed tristique in tempus sit amet sem fusce consequat nulla nisl nunc nisl duis bibendum felis sed interdum venenatis turpis enim blandit mi in porttitor pede justo eu massa donec dapibus duis at');
insert into KAPELA (KAPELA_ID, NAZOV_KAPELY, POPIS) values (77, 'Cabinet of Caligari, The', 'nulla tellus in sagittis dui vel nisl duis ac nibh fusce lacus purus aliquet at feugiat non pretium quis lectus suspendisse potenti in eleifend quam a odio in hac habitasse platea dictumst maecenas ut massa quis augue luctus tincidunt');
insert into KAPELA (KAPELA_ID, NAZOV_KAPELY, POPIS) values (78, 'Joyeux Nol (Merry Christmas)', 'mi integer ac neque duis bibendum morbi non quam nec dui luctus rutrum nulla tellus in sagittis dui vel nisl duis ac nibh fusce lacus purus aliquet at feugiat non pretium quis lectus suspendisse potenti in eleifend quam a odio in hac habitasse platea dictumst maecenas ut massa quis augue');
insert into KAPELA (KAPELA_ID, NAZOV_KAPELY, POPIS) values (79, 'Tuck Everlasting', 'etiam justo etiam pretium iaculis justo in hac habitasse platea dictumst etiam faucibus cursus urna ut tellus nulla ut erat id mauris vulputate elementum nullam varius nulla facilisi cras non');
insert into KAPELA (KAPELA_ID, NAZOV_KAPELY, POPIS) values (80, 'Phantoms', 'amet lobortis sapien sapien non mi integer ac neque duis bibendum morbi non quam nec dui luctus rutrum nulla tellus in sagittis dui vel nisl duis ac nibh fusce lacus purus aliquet at feugiat non pretium quis lectus suspendisse potenti in eleifend quam a odio in hac habitasse platea dictumst');
insert into KAPELA (KAPELA_ID, NAZOV_KAPELY, POPIS) values (81, 'Battle: Los Angeles', 'donec diam neque vestibulum eget vulputate ut ultrices vel augue vestibulum ante ipsum primis in faucibus orci luctus et ultrices posuere cubilia curae donec');
insert into KAPELA (KAPELA_ID, NAZOV_KAPELY, POPIS) values (82, 'Dante''s Inferno', 'vestibulum ante ipsum primis in faucibus orci luctus et ultrices posuere cubilia curae mauris viverra diam vitae quam suspendisse potenti nullam porttitor lacus at turpis donec posuere metus vitae ipsum aliquam non mauris morbi non lectus aliquam sit amet diam in magna bibendum imperdiet nullam orci pede');
insert into KAPELA (KAPELA_ID, NAZOV_KAPELY, POPIS) values (83, 'Winnie the Pooh', 'sit amet lobortis sapien sapien non mi integer ac neque duis bibendum morbi non quam nec dui luctus rutrum nulla tellus in sagittis dui vel nisl duis ac nibh');
insert into KAPELA (KAPELA_ID, NAZOV_KAPELY, POPIS) values (84, 'Rebirth of Mothra II', 'pede justo eu massa donec dapibus duis at velit eu est congue elementum in hac habitasse platea dictumst morbi vestibulum velit id pretium iaculis diam erat fermentum justo nec condimentum neque sapien placerat ante nulla justo aliquam quis turpis eget elit sodales');
insert into KAPELA (KAPELA_ID, NAZOV_KAPELY, POPIS) values (85, 'A.C.O.D.', 'elementum in hac habitasse platea dictumst morbi vestibulum velit id pretium iaculis diam erat fermentum justo nec condimentum neque sapien placerat ante nulla justo aliquam quis turpis eget elit sodales scelerisque mauris sit amet eros suspendisse');
insert into KAPELA (KAPELA_ID, NAZOV_KAPELY, POPIS) values (86, 'Dragon: The Bruce Lee Story', 'lectus in quam fringilla rhoncus mauris enim leo rhoncus sed vestibulum sit amet cursus id turpis integer aliquet massa id lobortis convallis tortor');
insert into KAPELA (KAPELA_ID, NAZOV_KAPELY, POPIS) values (87, 'RFK Must Die', 'posuere cubilia curae donec pharetra magna vestibulum aliquet ultrices erat tortor sollicitudin mi sit amet lobortis sapien sapien non mi integer ac neque duis bibendum morbi non quam nec dui luctus rutrum nulla tellus in sagittis dui vel nisl duis ac nibh fusce lacus purus aliquet at feugiat non pretium quis lectus suspendisse potenti');
insert into KAPELA (KAPELA_ID, NAZOV_KAPELY, POPIS) values (88, 'Who the #$&% is Jackson Pollock?', 'laoreet ut rhoncus aliquet pulvinar sed nisl nunc rhoncus dui vel sem sed sagittis nam congue risus semper porta volutpat quam pede lobortis ligula sit amet eleifend pede libero quis orci nullam molestie nibh in lectus pellentesque at nulla suspendisse potenti cras in purus eu magna vulputate luctus');
insert into KAPELA (KAPELA_ID, NAZOV_KAPELY, POPIS) values (89, 'Mail Order Bride', 'in quis justo maecenas rhoncus aliquam lacus morbi quis tortor id nulla ultrices aliquet maecenas leo odio condimentum id luctus nec molestie sed justo pellentesque viverra pede ac diam cras');
insert into KAPELA (KAPELA_ID, NAZOV_KAPELY, POPIS) values (90, 'Party Monster', 'mauris viverra diam vitae quam suspendisse potenti nullam porttitor lacus at turpis donec posuere metus vitae ipsum aliquam non mauris morbi non lectus aliquam sit amet diam in magna bibendum imperdiet nullam orci pede venenatis non sodales sed tincidunt eu felis fusce posuere felis sed lacus morbi sem mauris laoreet ut rhoncus aliquet pulvinar sed nisl nunc rhoncus dui vel');
insert into KAPELA (KAPELA_ID, NAZOV_KAPELY, POPIS) values (91, 'Ghosts of Girlfriends Past', 'habitasse platea dictumst maecenas ut massa quis augue luctus tincidunt nulla mollis molestie lorem quisque ut erat curabitur gravida nisi at nibh in hac habitasse platea dictumst aliquam augue quam');
insert into KAPELA (KAPELA_ID, NAZOV_KAPELY, POPIS) values (92, 'Rocaterrania', 'in magna bibendum imperdiet nullam orci pede venenatis non sodales sed tincidunt eu felis fusce posuere felis sed lacus morbi sem mauris laoreet ut rhoncus aliquet pulvinar sed nisl nunc rhoncus dui vel sem sed sagittis nam congue risus semper porta volutpat quam pede');
insert into KAPELA (KAPELA_ID, NAZOV_KAPELY, POPIS) values (93, 'I Am Sam', 'nisl nunc rhoncus dui vel sem sed sagittis nam congue risus semper porta volutpat quam pede lobortis ligula sit amet eleifend pede libero quis orci nullam molestie nibh in');
insert into KAPELA (KAPELA_ID, NAZOV_KAPELY, POPIS) values (94, 'Meifumad)', 'lectus pellentesque at nulla suspendisse potenti cras in purus eu magna vulputate luctus cum sociis natoque penatibus et magnis dis');
insert into KAPELA (KAPELA_ID, NAZOV_KAPELY, POPIS) values (95, 'Vampir (Cuadecuc, vampir)', 'sit amet eleifend pede libero quis orci nullam molestie nibh in lectus pellentesque at nulla suspendisse potenti cras in purus eu magna vulputate luctus cum sociis natoque penatibus et');
insert into KAPELA (KAPELA_ID, NAZOV_KAPELY, POPIS) values (96, 'Skenbart: En film om tg', 'vel accumsan tellus nisi eu orci mauris lacinia sapien quis libero nullam sit amet turpis elementum ligula vehicula consequat morbi a ipsum integer a nibh in quis justo maecenas rhoncus aliquam lacus morbi quis tortor id nulla ultrices');
insert into KAPELA (KAPELA_ID, NAZOV_KAPELY, POPIS) values (97, 'Pride and Prejudice', 'quisque erat eros viverra eget congue eget semper rutrum nulla nunc purus phasellus in felis donec semper sapien a libero nam dui proin leo odio porttitor id consequat in consequat ut nulla sed accumsan felis');
insert into KAPELA (KAPELA_ID, NAZOV_KAPELY, POPIS) values (98, 'Raging Thunder', 'odio donec vitae nisi nam ultrices libero non mattis pulvinar nulla pede ullamcorper augue a suscipit nulla elit ac nulla sed vel enim sit amet nunc viverra dapibus nulla suscipit ligula in lacus curabitur at ipsum ac tellus semper interdum mauris ullamcorper purus sit amet nulla quisque arcu libero rutrum ac lobortis vel dapibus at diam nam tristique');
insert into KAPELA (KAPELA_ID, NAZOV_KAPELY, POPIS) values (99, 'Valiant', 'vitae nisl aenean lectus pellentesque eget nunc donec quis orci eget orci vehicula condimentum curabitur in libero ut massa volutpat convallis morbi odio odio elementum eu interdum eu tincidunt in');
insert into KAPELA (KAPELA_ID, NAZOV_KAPELY, POPIS) values (100, 'Notti bianche, Le (White Nights)', 'ac leo pellentesque ultrices mattis odio donec vitae nisi nam ultrices libero non mattis pulvinar nulla pede ullamcorper augue a suscipit nulla elit ac nulla sed vel enim sit amet nunc viverra dapibus nulla suscipit ligula in lacus curabitur at ipsum ac tellus semper interdum mauris ullamcorper purus sit amet nulla quisque arcu libero');

insert into ZANER (ZANER_ID, NAZOV) values (1, 'Horror');
insert into ZANER (ZANER_ID, NAZOV) values (2, 'Comedy');
insert into ZANER (ZANER_ID, NAZOV) values (3, 'Drama');
insert into ZANER (ZANER_ID, NAZOV) values (4, 'Romance');
insert into ZANER (ZANER_ID, NAZOV) values (5, 'Adventure');
insert into ZANER (ZANER_ID, NAZOV) values (6, 'Thriller');
insert into ZANER (ZANER_ID, NAZOV) values (7, 'Adventure');
insert into ZANER (ZANER_ID, NAZOV) values (8, 'Horror');
insert into ZANER (ZANER_ID, NAZOV) values (9, 'ATMOSFERICKY_SEBEVRAZEDNY_BLACK_METAL');
insert into ZANER (ZANER_ID, NAZOV) values (10, 'DREAMPOP');
insert into ZANER (ZANER_ID, NAZOV) values (11, 'ALTERNATIVE_TRAP_HOUSE');
insert into ZANER (ZANER_ID, NAZOV) values (12, 'Musical');
insert into ZANER (ZANER_ID, NAZOV) values (13, 'Noir');
insert into ZANER (ZANER_ID, NAZOV) values (14, 'Documentary');

insert into HOTEL (HOTEL_ID, NAZOV, CENA_ZA_NOC, ADRESA_ID) values (1, 'Zontrax', 255.3, 1);
insert into HOTEL (HOTEL_ID, NAZOV, CENA_ZA_NOC, ADRESA_ID) values (2, 'Stronghold', 234.2, 2);
insert into HOTEL (HOTEL_ID, NAZOV, CENA_ZA_NOC, ADRESA_ID) values (3, 'Alpha', 200.1, 3);
insert into HOTEL (HOTEL_ID, NAZOV, CENA_ZA_NOC, ADRESA_ID) values (4, 'Sonsing', 260.7, 4);
insert into HOTEL (HOTEL_ID, NAZOV, CENA_ZA_NOC, ADRESA_ID) values (5, 'Flexidy', 215.5, 5);
insert into HOTEL (HOTEL_ID, NAZOV, CENA_ZA_NOC, ADRESA_ID) values (6, 'Bytecard', 82.2, 6);
insert into HOTEL (HOTEL_ID, NAZOV, CENA_ZA_NOC, ADRESA_ID) values (7, 'Zathin', 240.2, 7);
insert into HOTEL (HOTEL_ID, NAZOV, CENA_ZA_NOC, ADRESA_ID) values (8, 'Zaam-Dox', 150.9, 8);
insert into HOTEL (HOTEL_ID, NAZOV, CENA_ZA_NOC, ADRESA_ID) values (9, 'Lotlux', 46.3, 9);
insert into HOTEL (HOTEL_ID, NAZOV, CENA_ZA_NOC, ADRESA_ID) values (10, 'Lotlux', 275.0, 10);
insert into HOTEL (HOTEL_ID, NAZOV, CENA_ZA_NOC, ADRESA_ID) values (11, 'Lotlux', 174.6, 11);
insert into HOTEL (HOTEL_ID, NAZOV, CENA_ZA_NOC, ADRESA_ID) values (12, 'Regrant', 305.3, 12);
insert into HOTEL (HOTEL_ID, NAZOV, CENA_ZA_NOC, ADRESA_ID) values (13, 'Voyatouch', 296.1, 13);
insert into HOTEL (HOTEL_ID, NAZOV, CENA_ZA_NOC, ADRESA_ID) values (14, 'Transcof', 108.5, 14);
insert into HOTEL (HOTEL_ID, NAZOV, CENA_ZA_NOC, ADRESA_ID) values (15, 'Zoolab', 159.2, 15);
insert into HOTEL (HOTEL_ID, NAZOV, CENA_ZA_NOC, ADRESA_ID) values (16, 'Viva', 312.9, 16);
insert into HOTEL (HOTEL_ID, NAZOV, CENA_ZA_NOC, ADRESA_ID) values (17, 'Temp', 120.9, 17);
insert into HOTEL (HOTEL_ID, NAZOV, CENA_ZA_NOC, ADRESA_ID) values (18, 'Home Ing', 55.4, 18);
insert into HOTEL (HOTEL_ID, NAZOV, CENA_ZA_NOC, ADRESA_ID) values (19, 'Namfix', 227.2, 19);
insert into HOTEL (HOTEL_ID, NAZOV, CENA_ZA_NOC, ADRESA_ID) values (20, 'Overhold', 340.0, 20);
insert into HOTEL (HOTEL_ID, NAZOV, CENA_ZA_NOC, ADRESA_ID) values (21, 'Voltsillam', 347.8, 21);
insert into HOTEL (HOTEL_ID, NAZOV, CENA_ZA_NOC, ADRESA_ID) values (22, 'Konklab', 293.2, 22);
insert into HOTEL (HOTEL_ID, NAZOV, CENA_ZA_NOC, ADRESA_ID) values (23, 'Biodex', 218.8, 23);
insert into HOTEL (HOTEL_ID, NAZOV, CENA_ZA_NOC, ADRESA_ID) values (24, 'Sonair', 62.2, 24);
insert into HOTEL (HOTEL_ID, NAZOV, CENA_ZA_NOC, ADRESA_ID) values (25, 'Tres-Zap', 346.0, 25);
insert into HOTEL (HOTEL_ID, NAZOV, CENA_ZA_NOC, ADRESA_ID) values (26, 'Biodex', 56.1, 26);
insert into HOTEL (HOTEL_ID, NAZOV, CENA_ZA_NOC, ADRESA_ID) values (27, 'Voltsillam', 318.4, 27);
insert into HOTEL (HOTEL_ID, NAZOV, CENA_ZA_NOC, ADRESA_ID) values (28, 'Y-find', 138.7, 28);
insert into HOTEL (HOTEL_ID, NAZOV, CENA_ZA_NOC, ADRESA_ID) values (29, 'Rank', 277.7, 29);
insert into HOTEL (HOTEL_ID, NAZOV, CENA_ZA_NOC, ADRESA_ID) values (30, 'Flexidy', 228.8, 30);
insert into HOTEL (HOTEL_ID, NAZOV, CENA_ZA_NOC, ADRESA_ID) values (31, 'Treeflex', 299.6, 31);
insert into HOTEL (HOTEL_ID, NAZOV, CENA_ZA_NOC, ADRESA_ID) values (32, 'Stringtough', 115.6, 32);
insert into HOTEL (HOTEL_ID, NAZOV, CENA_ZA_NOC, ADRESA_ID) values (33, 'Zontrax', 221.6, 33);
insert into HOTEL (HOTEL_ID, NAZOV, CENA_ZA_NOC, ADRESA_ID) values (34, 'Job', 268.6, 34);
insert into HOTEL (HOTEL_ID, NAZOV, CENA_ZA_NOC, ADRESA_ID) values (35, 'Duobam', 26.5, 35);
insert into HOTEL (HOTEL_ID, NAZOV, CENA_ZA_NOC, ADRESA_ID) values (36, 'Voltsillam', 384.7, 36);
insert into HOTEL (HOTEL_ID, NAZOV, CENA_ZA_NOC, ADRESA_ID) values (37, 'Namfix', 35.1, 37);
insert into HOTEL (HOTEL_ID, NAZOV, CENA_ZA_NOC, ADRESA_ID) values (38, 'Sub-Ex', 63.1, 38);
insert into HOTEL (HOTEL_ID, NAZOV, CENA_ZA_NOC, ADRESA_ID) values (39, 'Namfix', 28.2, 39);
insert into HOTEL (HOTEL_ID, NAZOV, CENA_ZA_NOC, ADRESA_ID) values (40, 'Bitwolf', 76.1, 40);
insert into HOTEL (HOTEL_ID, NAZOV, CENA_ZA_NOC, ADRESA_ID) values (41, 'Daltfresh', 141.0, 41);
insert into HOTEL (HOTEL_ID, NAZOV, CENA_ZA_NOC, ADRESA_ID) values (42, 'Aerified', 318.8, 42);
insert into HOTEL (HOTEL_ID, NAZOV, CENA_ZA_NOC, ADRESA_ID) values (43, 'Toughjoyfax', 346.1, 43);
insert into HOTEL (HOTEL_ID, NAZOV, CENA_ZA_NOC, ADRESA_ID) values (44, 'Tres-Zap', 320.0, 44);
insert into HOTEL (HOTEL_ID, NAZOV, CENA_ZA_NOC, ADRESA_ID) values (45, 'Zamit', 71.1, 45);
insert into HOTEL (HOTEL_ID, NAZOV, CENA_ZA_NOC, ADRESA_ID) values (46, 'Wrapsafe', 307.0, 46);
insert into HOTEL (HOTEL_ID, NAZOV, CENA_ZA_NOC, ADRESA_ID) values (47, 'Fintone', 109.6, 47);
insert into HOTEL (HOTEL_ID, NAZOV, CENA_ZA_NOC, ADRESA_ID) values (48, 'Alpha', 180.6, 48);
insert into HOTEL (HOTEL_ID, NAZOV, CENA_ZA_NOC, ADRESA_ID) values (49, 'Opela', 394.4, 49);
insert into HOTEL (HOTEL_ID, NAZOV, CENA_ZA_NOC, ADRESA_ID) values (50, 'Stim', 154.5, 50);
insert into HOTEL (HOTEL_ID, NAZOV, CENA_ZA_NOC, ADRESA_ID) values (51, 'Vagram', 119.0, 51);
insert into HOTEL (HOTEL_ID, NAZOV, CENA_ZA_NOC, ADRESA_ID) values (52, 'Tin', 237.2, 52);
insert into HOTEL (HOTEL_ID, NAZOV, CENA_ZA_NOC, ADRESA_ID) values (53, 'Gembucket', 71.0, 53);
insert into HOTEL (HOTEL_ID, NAZOV, CENA_ZA_NOC, ADRESA_ID) values (54, 'Bitchip', 334.6, 54);
insert into HOTEL (HOTEL_ID, NAZOV, CENA_ZA_NOC, ADRESA_ID) values (55, 'Redhold', 382.1, 55);
insert into HOTEL (HOTEL_ID, NAZOV, CENA_ZA_NOC, ADRESA_ID) values (56, 'Zoolab', 54.1, 56);
insert into HOTEL (HOTEL_ID, NAZOV, CENA_ZA_NOC, ADRESA_ID) values (57, 'Otcom', 351.1, 57);
insert into HOTEL (HOTEL_ID, NAZOV, CENA_ZA_NOC, ADRESA_ID) values (58, 'Wrapsafe', 96.2, 58);
insert into HOTEL (HOTEL_ID, NAZOV, CENA_ZA_NOC, ADRESA_ID) values (59, 'It', 149.5, 59);
insert into HOTEL (HOTEL_ID, NAZOV, CENA_ZA_NOC, ADRESA_ID) values (60, 'Kanlam', 115.9, 60);
insert into HOTEL (HOTEL_ID, NAZOV, CENA_ZA_NOC, ADRESA_ID) values (61, 'Tres-Zap', 114.0, 61);
insert into HOTEL (HOTEL_ID, NAZOV, CENA_ZA_NOC, ADRESA_ID) values (62, 'Zamit', 51.3, 62);
insert into HOTEL (HOTEL_ID, NAZOV, CENA_ZA_NOC, ADRESA_ID) values (63, 'Bytecard', 220.3, 63);
insert into HOTEL (HOTEL_ID, NAZOV, CENA_ZA_NOC, ADRESA_ID) values (64, 'Sonsing', 266.1, 64);
insert into HOTEL (HOTEL_ID, NAZOV, CENA_ZA_NOC, ADRESA_ID) values (65, 'Subin', 44.5, 65);
insert into HOTEL (HOTEL_ID, NAZOV, CENA_ZA_NOC, ADRESA_ID) values (66, 'Mat Lam Tam', 159.0, 66);
insert into HOTEL (HOTEL_ID, NAZOV, CENA_ZA_NOC, ADRESA_ID) values (67, 'Domainer', 52.0, 67);
insert into HOTEL (HOTEL_ID, NAZOV, CENA_ZA_NOC, ADRESA_ID) values (68, 'Voltsillam', 38.6, 68);
insert into HOTEL (HOTEL_ID, NAZOV, CENA_ZA_NOC, ADRESA_ID) values (69, 'Zoolab', 26.7, 69);
insert into HOTEL (HOTEL_ID, NAZOV, CENA_ZA_NOC, ADRESA_ID) values (70, 'Cookley', 344.8, 70);
insert into HOTEL (HOTEL_ID, NAZOV, CENA_ZA_NOC, ADRESA_ID) values (71, 'Latlux', 113.9, 71);
insert into HOTEL (HOTEL_ID, NAZOV, CENA_ZA_NOC, ADRESA_ID) values (72, 'Temp', 321.7, 72);
insert into HOTEL (HOTEL_ID, NAZOV, CENA_ZA_NOC, ADRESA_ID) values (73, 'Y-Solowarm', 112.3, 73);
insert into HOTEL (HOTEL_ID, NAZOV, CENA_ZA_NOC, ADRESA_ID) values (74, 'Domainer', 240.0, 74);
insert into HOTEL (HOTEL_ID, NAZOV, CENA_ZA_NOC, ADRESA_ID) values (75, 'Cardify', 199.9, 75);
insert into HOTEL (HOTEL_ID, NAZOV, CENA_ZA_NOC, ADRESA_ID) values (76, 'Flowdesk', 153.2, 76);
insert into HOTEL (HOTEL_ID, NAZOV, CENA_ZA_NOC, ADRESA_ID) values (77, 'Viva', 339.0, 77);
insert into HOTEL (HOTEL_ID, NAZOV, CENA_ZA_NOC, ADRESA_ID) values (78, 'Subin', 362.2, 78);
insert into HOTEL (HOTEL_ID, NAZOV, CENA_ZA_NOC, ADRESA_ID) values (79, 'Alpha', 201.6, 79);
insert into HOTEL (HOTEL_ID, NAZOV, CENA_ZA_NOC, ADRESA_ID) values (80, 'Sub-Ex', 159.0, 80);
insert into HOTEL (HOTEL_ID, NAZOV, CENA_ZA_NOC, ADRESA_ID) values (81, 'Sub-Ex', 119.9, 81);
insert into HOTEL (HOTEL_ID, NAZOV, CENA_ZA_NOC, ADRESA_ID) values (82, 'Greenlam', 247.6, 82);
insert into HOTEL (HOTEL_ID, NAZOV, CENA_ZA_NOC, ADRESA_ID) values (83, 'Fintone', 301.3, 83);
insert into HOTEL (HOTEL_ID, NAZOV, CENA_ZA_NOC, ADRESA_ID) values (84, 'Gembucket', 388.8, 84);
insert into HOTEL (HOTEL_ID, NAZOV, CENA_ZA_NOC, ADRESA_ID) values (85, 'Temp', 299.2, 85);
insert into HOTEL (HOTEL_ID, NAZOV, CENA_ZA_NOC, ADRESA_ID) values (86, 'Domainer', 122.8, 86);
insert into HOTEL (HOTEL_ID, NAZOV, CENA_ZA_NOC, ADRESA_ID) values (87, 'Sub-Ex', 264.5, 87);
insert into HOTEL (HOTEL_ID, NAZOV, CENA_ZA_NOC, ADRESA_ID) values (88, 'Konklab', 94.8, 88);
insert into HOTEL (HOTEL_ID, NAZOV, CENA_ZA_NOC, ADRESA_ID) values (89, 'Lotlux', 397.6, 89);
insert into HOTEL (HOTEL_ID, NAZOV, CENA_ZA_NOC, ADRESA_ID) values (90, 'Stronghold', 62.1, 90);
insert into HOTEL (HOTEL_ID, NAZOV, CENA_ZA_NOC, ADRESA_ID) values (91, 'Prodder', 300.9, 91);
insert into HOTEL (HOTEL_ID, NAZOV, CENA_ZA_NOC, ADRESA_ID) values (92, 'Stringtough', 364.9, 92);
insert into HOTEL (HOTEL_ID, NAZOV, CENA_ZA_NOC, ADRESA_ID) values (93, 'Ventosanzap', 173.2, 93);
insert into HOTEL (HOTEL_ID, NAZOV, CENA_ZA_NOC, ADRESA_ID) values (94, 'Cardify', 95.2, 94);
insert into HOTEL (HOTEL_ID, NAZOV, CENA_ZA_NOC, ADRESA_ID) values (95, 'Flexidy', 25.9, 95);
insert into HOTEL (HOTEL_ID, NAZOV, CENA_ZA_NOC, ADRESA_ID) values (96, 'Alpha', 298.6, 96);
insert into HOTEL (HOTEL_ID, NAZOV, CENA_ZA_NOC, ADRESA_ID) values (97, 'Cardguard', 25.6, 97);
insert into HOTEL (HOTEL_ID, NAZOV, CENA_ZA_NOC, ADRESA_ID) values (98, 'Greenlam', 72.3, 98);
insert into HOTEL (HOTEL_ID, NAZOV, CENA_ZA_NOC, ADRESA_ID) values (99, 'Tin', 75.7, 99);
insert into HOTEL (HOTEL_ID, NAZOV, CENA_ZA_NOC, ADRESA_ID) values (100, 'Zaam-Dox', 247.2, 100);

insert into HOD_MANAZER (HOD_MANAZER_ID, MENO, MOBIL_CISLO, EMAIL, OBLUBENY_ZANER, ADRESA_ID) values (1, 'Noll Ivasechko', '9385443091', 'nivasechko0@princeton.edu', 'Drama|Romance', 1);
insert into HOD_MANAZER (HOD_MANAZER_ID, MENO, MOBIL_CISLO, EMAIL, OBLUBENY_ZANER, ADRESA_ID) values (2, 'Mathew Winscum', '4541890977', 'mwinscum1@angelfire.com', 'Adventure|Children|Comedy|Fantasy', 2);
insert into HOD_MANAZER (HOD_MANAZER_ID, MENO, MOBIL_CISLO, EMAIL, OBLUBENY_ZANER, ADRESA_ID) values (3, 'Inez Dmych', '1014455137', 'idmych2@flavors.me', 'Comedy|Romance', 3);
insert into HOD_MANAZER (HOD_MANAZER_ID, MENO, MOBIL_CISLO, EMAIL, OBLUBENY_ZANER, ADRESA_ID) values (4, 'Kaja Elrick', '9213048938', 'kelrick3@harvard.edu', 'Drama', 4);
insert into HOD_MANAZER (HOD_MANAZER_ID, MENO, MOBIL_CISLO, EMAIL, OBLUBENY_ZANER, ADRESA_ID) values (5, 'Joella Deinert', '8065302367', 'jdeinert4@who.int', 'Adventure|Drama|Fantasy', 5);
insert into HOD_MANAZER (HOD_MANAZER_ID, MENO, MOBIL_CISLO, EMAIL, OBLUBENY_ZANER, ADRESA_ID) values (6, 'Thibaud Autrie', '7699172100', 'tautrie5@photobucket.com', 'Adventure|Drama|Thriller', 6);
insert into HOD_MANAZER (HOD_MANAZER_ID, MENO, MOBIL_CISLO, EMAIL, OBLUBENY_ZANER, ADRESA_ID) values (7, 'Gino Eddisforth', '2343052441', 'geddisforth6@census.gov', 'Comedy|Crime', 7);
insert into HOD_MANAZER (HOD_MANAZER_ID, MENO, MOBIL_CISLO, EMAIL, OBLUBENY_ZANER, ADRESA_ID) values (8, 'Mark Warcup', '1716143911', 'mwarcup7@fotki.com', 'Documentary', 8);
insert into HOD_MANAZER (HOD_MANAZER_ID, MENO, MOBIL_CISLO, EMAIL, OBLUBENY_ZANER, ADRESA_ID) values (9, 'Anna-diane Murkin', '3585417560', 'amurkin8@barnesandnoble.com', 'Comedy', 9);
insert into HOD_MANAZER (HOD_MANAZER_ID, MENO, MOBIL_CISLO, EMAIL, OBLUBENY_ZANER, ADRESA_ID) values (10, 'Gabie Derrick', '7245545685', 'gderrick9@about.com', 'Documentary', 10);
insert into HOD_MANAZER (HOD_MANAZER_ID, MENO, MOBIL_CISLO, EMAIL, OBLUBENY_ZANER, ADRESA_ID) values (11, 'Danila Middell', '3501065430', 'dmiddella@deliciousdays.com', 'Drama', 11);
insert into HOD_MANAZER (HOD_MANAZER_ID, MENO, MOBIL_CISLO, EMAIL, OBLUBENY_ZANER, ADRESA_ID) values (12, 'Rand Goodship', '4582703779', 'rgoodshipb@instagram.com', 'Drama', 12);
insert into HOD_MANAZER (HOD_MANAZER_ID, MENO, MOBIL_CISLO, EMAIL, OBLUBENY_ZANER, ADRESA_ID) values (13, 'Muffin Glyde', '5335464445', 'mglydec@cbsnews.com', 'Drama', 13);
insert into HOD_MANAZER (HOD_MANAZER_ID, MENO, MOBIL_CISLO, EMAIL, OBLUBENY_ZANER, ADRESA_ID) values (14, 'Joellen Brockhurst', '7136589681', 'jbrockhurstd@bigcartel.com', 'Drama', 14);
insert into HOD_MANAZER (HOD_MANAZER_ID, MENO, MOBIL_CISLO, EMAIL, OBLUBENY_ZANER, ADRESA_ID) values (15, 'Grier MacGoun', '8586813143', 'gmacgoune@reference.com', 'Adventure|Fantasy', 15);
insert into HOD_MANAZER (HOD_MANAZER_ID, MENO, MOBIL_CISLO, EMAIL, OBLUBENY_ZANER, ADRESA_ID) values (16, 'Cherry Franceschi', '2222840544', 'cfranceschif@mysql.com', 'Action|Crime|Drama', 16);
insert into HOD_MANAZER (HOD_MANAZER_ID, MENO, MOBIL_CISLO, EMAIL, OBLUBENY_ZANER, ADRESA_ID) values (17, 'Marybelle Baybutt', '2503237237', 'mbaybuttg@amazon.co.jp', 'Drama', 17);
insert into HOD_MANAZER (HOD_MANAZER_ID, MENO, MOBIL_CISLO, EMAIL, OBLUBENY_ZANER, ADRESA_ID) values (18, 'Lulu Drust', '5337976055', 'ldrusth@domainmarket.com', 'Comedy|Drama|Romance', 18);
insert into HOD_MANAZER (HOD_MANAZER_ID, MENO, MOBIL_CISLO, EMAIL, OBLUBENY_ZANER, ADRESA_ID) values (19, 'Melloney Crocken', '8145006130', 'mcrockeni@ucsd.edu', 'Adventure|Animation|Children', 19);
insert into HOD_MANAZER (HOD_MANAZER_ID, MENO, MOBIL_CISLO, EMAIL, OBLUBENY_ZANER, ADRESA_ID) values (20, 'Carrissa Grix', '6645181729', 'cgrixj@ocn.ne.jp', 'Drama|Fantasy|Romance', 20);
insert into HOD_MANAZER (HOD_MANAZER_ID, MENO, MOBIL_CISLO, EMAIL, OBLUBENY_ZANER, ADRESA_ID) values (21, 'Dicky Du Barry', '6439304275', 'dduk@mail.ru', 'Drama|Horror|Sci-Fi', 21);
insert into HOD_MANAZER (HOD_MANAZER_ID, MENO, MOBIL_CISLO, EMAIL, OBLUBENY_ZANER, ADRESA_ID) values (22, 'Wendell Murfill', '1792654345', 'wmurfilll@qq.com', 'Action|Crime|Thriller', 22);
insert into HOD_MANAZER (HOD_MANAZER_ID, MENO, MOBIL_CISLO, EMAIL, OBLUBENY_ZANER, ADRESA_ID) values (23, 'Christos Ick', '3766473368', 'cickm@geocities.com', 'Comedy|Romance', 23);
insert into HOD_MANAZER (HOD_MANAZER_ID, MENO, MOBIL_CISLO, EMAIL, OBLUBENY_ZANER, ADRESA_ID) values (24, 'Rutger Yurivtsev', '4086420092', 'ryurivtsevn@tripadvisor.com', 'Documentary|Musical', 24);
insert into HOD_MANAZER (HOD_MANAZER_ID, MENO, MOBIL_CISLO, EMAIL, OBLUBENY_ZANER, ADRESA_ID) values (25, 'Elwood Antonsson', '5809062369', 'eantonssono@domainmarket.com', 'Documentary', 25);
insert into HOD_MANAZER (HOD_MANAZER_ID, MENO, MOBIL_CISLO, EMAIL, OBLUBENY_ZANER, ADRESA_ID) values (26, 'Quintana Pavia', '8921120798', 'qpaviap@google.ca', 'Drama', 26);
insert into HOD_MANAZER (HOD_MANAZER_ID, MENO, MOBIL_CISLO, EMAIL, OBLUBENY_ZANER, ADRESA_ID) values (27, 'Parke Casetti', '2581222301', 'pcasettiq@twitpic.com', 'Documentary|Musical', 27);
insert into HOD_MANAZER (HOD_MANAZER_ID, MENO, MOBIL_CISLO, EMAIL, OBLUBENY_ZANER, ADRESA_ID) values (28, 'Agnese Zaniolini', '2268886611', 'azaniolinir@wunderground.com', 'Drama', 28);
insert into HOD_MANAZER (HOD_MANAZER_ID, MENO, MOBIL_CISLO, EMAIL, OBLUBENY_ZANER, ADRESA_ID) values (29, 'Dunstan Haseman', '6277313117', 'dhasemans@yolasite.com', 'Crime|Drama|Thriller', 29);
insert into HOD_MANAZER (HOD_MANAZER_ID, MENO, MOBIL_CISLO, EMAIL, OBLUBENY_ZANER, ADRESA_ID) values (30, 'Jamie McEniry', '4388212278', 'jmceniryt@goo.ne.jp', 'Comedy', 30);
insert into HOD_MANAZER (HOD_MANAZER_ID, MENO, MOBIL_CISLO, EMAIL, OBLUBENY_ZANER, ADRESA_ID) values (31, 'Inez Grisbrook', '8933322826', 'igrisbrooku@wikia.com', 'Drama', 31);
insert into HOD_MANAZER (HOD_MANAZER_ID, MENO, MOBIL_CISLO, EMAIL, OBLUBENY_ZANER, ADRESA_ID) values (32, 'Quincey Brand-Hardy', '9639783728', 'qbrandhardyv@meetup.com', 'Horror', 32);
insert into HOD_MANAZER (HOD_MANAZER_ID, MENO, MOBIL_CISLO, EMAIL, OBLUBENY_ZANER, ADRESA_ID) values (33, 'Farah Corkitt', '4211656893', 'fcorkittw@time.com', '(no genres listed)', 33);
insert into HOD_MANAZER (HOD_MANAZER_ID, MENO, MOBIL_CISLO, EMAIL, OBLUBENY_ZANER, ADRESA_ID) values (34, 'Onida McBeth', '6025961453', 'omcbethx@latimes.com', 'Crime|Drama', 34);
insert into HOD_MANAZER (HOD_MANAZER_ID, MENO, MOBIL_CISLO, EMAIL, OBLUBENY_ZANER, ADRESA_ID) values (35, 'Amalita Bushby', '6703283489', 'abushbyy@smugmug.com', 'Horror|Thriller', 35);
insert into HOD_MANAZER (HOD_MANAZER_ID, MENO, MOBIL_CISLO, EMAIL, OBLUBENY_ZANER, ADRESA_ID) values (36, 'Christie Sabathe', '6509498998', 'csabathez@ask.com', 'Crime|Film-Noir|Mystery|Thriller', 36);
insert into HOD_MANAZER (HOD_MANAZER_ID, MENO, MOBIL_CISLO, EMAIL, OBLUBENY_ZANER, ADRESA_ID) values (37, 'Ruthie Aberkirder', '5425808579', 'raberkirder10@google.cn', 'Drama', 37);
insert into HOD_MANAZER (HOD_MANAZER_ID, MENO, MOBIL_CISLO, EMAIL, OBLUBENY_ZANER, ADRESA_ID) values (38, 'Kirby Iddy', '8886401236', 'kiddy11@nydailynews.com', 'Animation|Drama', 38);
insert into HOD_MANAZER (HOD_MANAZER_ID, MENO, MOBIL_CISLO, EMAIL, OBLUBENY_ZANER, ADRESA_ID) values (39, 'Lorant Thrussell', '8826157151', 'lthrussell12@homestead.com', 'Adventure', 39);
insert into HOD_MANAZER (HOD_MANAZER_ID, MENO, MOBIL_CISLO, EMAIL, OBLUBENY_ZANER, ADRESA_ID) values (40, 'Carr Glanz', '2163350758', 'cglanz13@cbc.ca', 'Drama', 40);
insert into HOD_MANAZER (HOD_MANAZER_ID, MENO, MOBIL_CISLO, EMAIL, OBLUBENY_ZANER, ADRESA_ID) values (41, 'Kass Coram', '8296470894', 'kcoram14@bandcamp.com', 'Comedy', 41);
insert into HOD_MANAZER (HOD_MANAZER_ID, MENO, MOBIL_CISLO, EMAIL, OBLUBENY_ZANER, ADRESA_ID) values (42, 'Patty Schmuhl', '3723827369', 'pschmuhl15@ebay.co.uk', 'Comedy|Drama|Sci-Fi|Thriller', 42);
insert into HOD_MANAZER (HOD_MANAZER_ID, MENO, MOBIL_CISLO, EMAIL, OBLUBENY_ZANER, ADRESA_ID) values (43, 'Henryetta Mariette', '2032934605', 'hmariette16@utexas.edu', 'Comedy|Drama', 43);
insert into HOD_MANAZER (HOD_MANAZER_ID, MENO, MOBIL_CISLO, EMAIL, OBLUBENY_ZANER, ADRESA_ID) values (44, 'Frederica Walding', '9791959718', 'fwalding17@google.com.au', 'Comedy|Romance', 44);
insert into HOD_MANAZER (HOD_MANAZER_ID, MENO, MOBIL_CISLO, EMAIL, OBLUBENY_ZANER, ADRESA_ID) values (45, 'Gerianne Gimblet', '3703886222', 'ggimblet18@histats.com', 'Comedy|Romance|War', 45);
insert into HOD_MANAZER (HOD_MANAZER_ID, MENO, MOBIL_CISLO, EMAIL, OBLUBENY_ZANER, ADRESA_ID) values (46, 'Hayyim Morfey', '8235934121', 'hmorfey19@irs.gov', 'Action|Crime|Thriller', 46);
insert into HOD_MANAZER (HOD_MANAZER_ID, MENO, MOBIL_CISLO, EMAIL, OBLUBENY_ZANER, ADRESA_ID) values (47, 'Merwin Carnow', '2537321015', 'mcarnow1a@ca.gov', 'Documentary', 47);
insert into HOD_MANAZER (HOD_MANAZER_ID, MENO, MOBIL_CISLO, EMAIL, OBLUBENY_ZANER, ADRESA_ID) values (48, 'Wheeler Fanthom', '9389123537', 'wfanthom1b@typepad.com', 'Western', 48);
insert into HOD_MANAZER (HOD_MANAZER_ID, MENO, MOBIL_CISLO, EMAIL, OBLUBENY_ZANER, ADRESA_ID) values (49, 'Giorgi Alexsandrev', '4972381326', 'galexsandrev1c@wiley.com', 'Action|Animation|Drama', 49);
insert into HOD_MANAZER (HOD_MANAZER_ID, MENO, MOBIL_CISLO, EMAIL, OBLUBENY_ZANER, ADRESA_ID) values (50, 'Annis O''Teague', '8611297771', 'aoteague1d@cloudflare.com', 'Comedy|Musical|Romance', 50);
insert into HOD_MANAZER (HOD_MANAZER_ID, MENO, MOBIL_CISLO, EMAIL, OBLUBENY_ZANER, ADRESA_ID) values (51, 'Sam Dargan', '1957455146', 'sdargan1e@last.fm', 'Drama', 51);
insert into HOD_MANAZER (HOD_MANAZER_ID, MENO, MOBIL_CISLO, EMAIL, OBLUBENY_ZANER, ADRESA_ID) values (52, 'Bradley Toffalo', '6117753351', 'btoffalo1f@economist.com', 'Horror|Romance', 52);
insert into HOD_MANAZER (HOD_MANAZER_ID, MENO, MOBIL_CISLO, EMAIL, OBLUBENY_ZANER, ADRESA_ID) values (53, 'Darcy Neligan', '1569028434', 'dneligan1g@chron.com', 'Action|Comedy', 53);
insert into HOD_MANAZER (HOD_MANAZER_ID, MENO, MOBIL_CISLO, EMAIL, OBLUBENY_ZANER, ADRESA_ID) values (54, 'Clarance Clabburn', '2689852933', 'cclabburn1h@si.edu', 'Sci-Fi', 54);
insert into HOD_MANAZER (HOD_MANAZER_ID, MENO, MOBIL_CISLO, EMAIL, OBLUBENY_ZANER, ADRESA_ID) values (55, 'Susie Gaymar', '9649487622', 'sgaymar1i@cocolog-nifty.com', 'Drama', 55);
insert into HOD_MANAZER (HOD_MANAZER_ID, MENO, MOBIL_CISLO, EMAIL, OBLUBENY_ZANER, ADRESA_ID) values (56, 'Fred Aronin', '8347310087', 'faronin1j@blogspot.com', 'Horror', 56);
insert into HOD_MANAZER (HOD_MANAZER_ID, MENO, MOBIL_CISLO, EMAIL, OBLUBENY_ZANER, ADRESA_ID) values (57, 'Meris Canacott', '7753219864', 'mcanacott1k@dmoz.org', 'Action|Crime|Thriller', 57);
insert into HOD_MANAZER (HOD_MANAZER_ID, MENO, MOBIL_CISLO, EMAIL, OBLUBENY_ZANER, ADRESA_ID) values (58, 'Anastasia Armes', '9386928562', 'aarmes1l@github.com', 'Crime|Drama|Mystery', 58);
insert into HOD_MANAZER (HOD_MANAZER_ID, MENO, MOBIL_CISLO, EMAIL, OBLUBENY_ZANER, ADRESA_ID) values (59, 'Carine Pinckney', '6691608106', 'cpinckney1m@flavors.me', 'Drama|Mystery|Thriller', 59);
insert into HOD_MANAZER (HOD_MANAZER_ID, MENO, MOBIL_CISLO, EMAIL, OBLUBENY_ZANER, ADRESA_ID) values (60, 'Vallie Vallender', '1866528424', 'vvallender1n@de.vu', 'Action|Drama|Western', 60);
insert into HOD_MANAZER (HOD_MANAZER_ID, MENO, MOBIL_CISLO, EMAIL, OBLUBENY_ZANER, ADRESA_ID) values (61, 'Pierrette Ryam', '6648036599', 'pryam1o@vinaora.com', 'Drama|War', 61);
insert into HOD_MANAZER (HOD_MANAZER_ID, MENO, MOBIL_CISLO, EMAIL, OBLUBENY_ZANER, ADRESA_ID) values (62, 'Damara Folini', '1365712649', 'dfolini1p@google.com.hk', 'Animation|Drama|Romance', 62);
insert into HOD_MANAZER (HOD_MANAZER_ID, MENO, MOBIL_CISLO, EMAIL, OBLUBENY_ZANER, ADRESA_ID) values (63, 'Bertine Saffen', '6059328685', 'bsaffen1q@stanford.edu', 'Action|Thriller', 63);
insert into HOD_MANAZER (HOD_MANAZER_ID, MENO, MOBIL_CISLO, EMAIL, OBLUBENY_ZANER, ADRESA_ID) values (64, 'Merrill Sackur', '9755441124', 'msackur1r@google.ru', 'Drama', 64);
insert into HOD_MANAZER (HOD_MANAZER_ID, MENO, MOBIL_CISLO, EMAIL, OBLUBENY_ZANER, ADRESA_ID) values (65, 'Martyn Basant', '3492937916', 'mbasant1s@macromedia.com', 'Drama', 65);
insert into HOD_MANAZER (HOD_MANAZER_ID, MENO, MOBIL_CISLO, EMAIL, OBLUBENY_ZANER, ADRESA_ID) values (66, 'Trace Semour', '3434779056', 'tsemour1t@studiopress.com', 'Comedy|Drama|Romance', 66);
insert into HOD_MANAZER (HOD_MANAZER_ID, MENO, MOBIL_CISLO, EMAIL, OBLUBENY_ZANER, ADRESA_ID) values (67, 'Jerrold Lamperd', '8333275832', 'jlamperd1u@domainmarket.com', 'Animation|Children|Fantasy', 67);
insert into HOD_MANAZER (HOD_MANAZER_ID, MENO, MOBIL_CISLO, EMAIL, OBLUBENY_ZANER, ADRESA_ID) values (68, 'Kirbie Kirsop', '8402007280', 'kkirsop1v@netscape.com', 'Comedy|Crime', 68);
insert into HOD_MANAZER (HOD_MANAZER_ID, MENO, MOBIL_CISLO, EMAIL, OBLUBENY_ZANER, ADRESA_ID) values (69, 'Quinta Pavey', '2752329408', 'qpavey1w@netvibes.com', 'Drama|Mystery|Thriller', 69);
insert into HOD_MANAZER (HOD_MANAZER_ID, MENO, MOBIL_CISLO, EMAIL, OBLUBENY_ZANER, ADRESA_ID) values (70, 'Nicolina Islep', '1122924005', 'nislep1x@simplemachines.org', 'Drama', 70);
insert into HOD_MANAZER (HOD_MANAZER_ID, MENO, MOBIL_CISLO, EMAIL, OBLUBENY_ZANER, ADRESA_ID) values (71, 'Minne Barstow', '8352841423', 'mbarstow1y@nyu.edu', 'Comedy', 71);
insert into HOD_MANAZER (HOD_MANAZER_ID, MENO, MOBIL_CISLO, EMAIL, OBLUBENY_ZANER, ADRESA_ID) values (72, 'Oralee Sillitoe', '3698549925', 'osillitoe1z@usgs.gov', 'Drama|Romance|War', 72);
insert into HOD_MANAZER (HOD_MANAZER_ID, MENO, MOBIL_CISLO, EMAIL, OBLUBENY_ZANER, ADRESA_ID) values (73, 'Tomi Kensington', '9814800054', 'tkensington20@opera.com', 'Drama|Romance', 73);
insert into HOD_MANAZER (HOD_MANAZER_ID, MENO, MOBIL_CISLO, EMAIL, OBLUBENY_ZANER, ADRESA_ID) values (74, 'Nerta Passman', '8915661103', 'npassman21@hexun.com', 'Comedy|Romance', 74);
insert into HOD_MANAZER (HOD_MANAZER_ID, MENO, MOBIL_CISLO, EMAIL, OBLUBENY_ZANER, ADRESA_ID) values (75, 'Spence Warland', '6144885995', 'swarland22@alibaba.com', 'Drama', 75);
insert into HOD_MANAZER (HOD_MANAZER_ID, MENO, MOBIL_CISLO, EMAIL, OBLUBENY_ZANER, ADRESA_ID) values (76, 'Jeannine Macknish', '2112347085', 'jmacknish23@qq.com', 'Horror', 76);
insert into HOD_MANAZER (HOD_MANAZER_ID, MENO, MOBIL_CISLO, EMAIL, OBLUBENY_ZANER, ADRESA_ID) values (77, 'Aridatha Dumbare', '4636585558', 'adumbare24@reverbnation.com', 'Drama', 77);
insert into HOD_MANAZER (HOD_MANAZER_ID, MENO, MOBIL_CISLO, EMAIL, OBLUBENY_ZANER, ADRESA_ID) values (78, 'Belia Heningham', '7768938695', 'bheningham25@indiatimes.com', 'Drama', 78);
insert into HOD_MANAZER (HOD_MANAZER_ID, MENO, MOBIL_CISLO, EMAIL, OBLUBENY_ZANER, ADRESA_ID) values (79, 'Sheryl Putt', '3485000309', 'sputt26@nydailynews.com', 'Documentary', 79);
insert into HOD_MANAZER (HOD_MANAZER_ID, MENO, MOBIL_CISLO, EMAIL, OBLUBENY_ZANER, ADRESA_ID) values (80, 'Peirce Haggish', '2118898727', 'phaggish27@elpais.com', 'Action|Adventure|Drama', 80);
insert into HOD_MANAZER (HOD_MANAZER_ID, MENO, MOBIL_CISLO, EMAIL, OBLUBENY_ZANER, ADRESA_ID) values (81, 'Terrance Jenkison', '8825382405', 'tjenkison28@about.com', 'Drama', 81);
insert into HOD_MANAZER (HOD_MANAZER_ID, MENO, MOBIL_CISLO, EMAIL, OBLUBENY_ZANER, ADRESA_ID) values (82, 'Pietro Canlin', '1711407611', 'pcanlin29@google.ca', 'Documentary', 82);
insert into HOD_MANAZER (HOD_MANAZER_ID, MENO, MOBIL_CISLO, EMAIL, OBLUBENY_ZANER, ADRESA_ID) values (83, 'Nealson Serris', '7299292509', 'nserris2a@usa.gov', 'Drama', 83);
insert into HOD_MANAZER (HOD_MANAZER_ID, MENO, MOBIL_CISLO, EMAIL, OBLUBENY_ZANER, ADRESA_ID) values (84, 'Wallie Himsworth', '2508430750', 'whimsworth2b@miibeian.gov.cn', 'Drama', 84);
insert into HOD_MANAZER (HOD_MANAZER_ID, MENO, MOBIL_CISLO, EMAIL, OBLUBENY_ZANER, ADRESA_ID) values (85, 'Barbabas Tubridy', '7422788592', 'btubridy2c@cbsnews.com', 'Action|Comedy|Drama', 85);
insert into HOD_MANAZER (HOD_MANAZER_ID, MENO, MOBIL_CISLO, EMAIL, OBLUBENY_ZANER, ADRESA_ID) values (86, 'Amberly Goggan', '2387703263', 'agoggan2d@google.cn', 'Comedy|Crime|Drama', 86);
insert into HOD_MANAZER (HOD_MANAZER_ID, MENO, MOBIL_CISLO, EMAIL, OBLUBENY_ZANER, ADRESA_ID) values (87, 'Hyacinthia Gainfort', '3306953445', 'hgainfort2e@alibaba.com', 'Crime|Documentary', 87);
insert into HOD_MANAZER (HOD_MANAZER_ID, MENO, MOBIL_CISLO, EMAIL, OBLUBENY_ZANER, ADRESA_ID) values (88, 'Elisha Bearcroft', '9655449501', 'ebearcroft2f@dagondesign.com', 'Comedy', 88);
insert into HOD_MANAZER (HOD_MANAZER_ID, MENO, MOBIL_CISLO, EMAIL, OBLUBENY_ZANER, ADRESA_ID) values (89, 'Milena Winsor', '4316499509', 'mwinsor2g@google.com', 'Drama', 89);
insert into HOD_MANAZER (HOD_MANAZER_ID, MENO, MOBIL_CISLO, EMAIL, OBLUBENY_ZANER, ADRESA_ID) values (90, 'Gusta Bertouloume', '2524768158', 'gbertouloume2h@ucoz.ru', 'Documentary', 90);
insert into HOD_MANAZER (HOD_MANAZER_ID, MENO, MOBIL_CISLO, EMAIL, OBLUBENY_ZANER, ADRESA_ID) values (91, 'Nelly Beininck', '5619351628', 'nbeininck2i@networkadvertising.org', 'Action', 91);
insert into HOD_MANAZER (HOD_MANAZER_ID, MENO, MOBIL_CISLO, EMAIL, OBLUBENY_ZANER, ADRESA_ID) values (92, 'Fedora Eccleston', '8693576829', 'feccleston2j@123-reg.co.uk', 'Drama', 92);
insert into HOD_MANAZER (HOD_MANAZER_ID, MENO, MOBIL_CISLO, EMAIL, OBLUBENY_ZANER, ADRESA_ID) values (93, 'Myles Pendry', '6243983659', 'mpendry2k@purevolume.com', 'Comedy|Drama', 93);
insert into HOD_MANAZER (HOD_MANAZER_ID, MENO, MOBIL_CISLO, EMAIL, OBLUBENY_ZANER, ADRESA_ID) values (94, 'Derick Abrahart', '4697706740', 'dabrahart2l@cnn.com', 'Crime|Drama|Romance|Thriller', 94);
insert into HOD_MANAZER (HOD_MANAZER_ID, MENO, MOBIL_CISLO, EMAIL, OBLUBENY_ZANER, ADRESA_ID) values (95, 'Darcie Androletti', '2573904527', 'dandroletti2m@geocities.com', 'Drama', 95);
insert into HOD_MANAZER (HOD_MANAZER_ID, MENO, MOBIL_CISLO, EMAIL, OBLUBENY_ZANER, ADRESA_ID) values (96, 'Keenan Sherewood', '3168907596', 'ksherewood2n@vistaprint.com', 'Crime|Drama|Romance|Thriller', 96);
insert into HOD_MANAZER (HOD_MANAZER_ID, MENO, MOBIL_CISLO, EMAIL, OBLUBENY_ZANER, ADRESA_ID) values (97, 'Luella Lindegard', '6623865893', 'llindegard2o@yandex.ru', 'Comedy', 97);
insert into HOD_MANAZER (HOD_MANAZER_ID, MENO, MOBIL_CISLO, EMAIL, OBLUBENY_ZANER, ADRESA_ID) values (98, 'Mattie Chirm', '8864575969', 'mchirm2p@cbc.ca', 'Drama', 98);
insert into HOD_MANAZER (HOD_MANAZER_ID, MENO, MOBIL_CISLO, EMAIL, OBLUBENY_ZANER, ADRESA_ID) values (99, 'Beverly Kleinschmidt', '7609618899', 'bkleinschmidt2q@histats.com', 'Drama|War', 99);
insert into HOD_MANAZER (HOD_MANAZER_ID, MENO, MOBIL_CISLO, EMAIL, OBLUBENY_ZANER, ADRESA_ID) values (100, 'Thatch Acres', '4054838384', 'tacres2r@ifeng.com', 'Comedy|Romance', 100);

Insert into OBJEDNAVKA (OBJEDNAVKA_ID,DATUM,CENA,HOD_MANAZER_ID,EVENT_ID,CLEN_KAPELY_ID,HODINY,POPIS) values ('2',to_date('06.05.18','DD.MM.RR'),'46','2','2','2','62','reinvent user-centric e-markets');
Insert into OBJEDNAVKA (OBJEDNAVKA_ID,DATUM,CENA,HOD_MANAZER_ID,EVENT_ID,CLEN_KAPELY_ID,HODINY,POPIS) values ('4',to_date('14.02.19','DD.MM.RR'),'680','4','4','4','65','integrate virtual vortals');
Insert into OBJEDNAVKA (OBJEDNAVKA_ID,DATUM,CENA,HOD_MANAZER_ID,EVENT_ID,CLEN_KAPELY_ID,HODINY,POPIS) values ('7',to_date('03.03.19','DD.MM.RR'),'715','7','7','7','15','synergize best-of-breed e-commerce');
Insert into OBJEDNAVKA (OBJEDNAVKA_ID,DATUM,CENA,HOD_MANAZER_ID,EVENT_ID,CLEN_KAPELY_ID,HODINY,POPIS) values ('10',to_date('30.12.18','DD.MM.RR'),'69','10','10','10','6','envisioneer back-end infomediaries');
Insert into OBJEDNAVKA (OBJEDNAVKA_ID,DATUM,CENA,HOD_MANAZER_ID,EVENT_ID,CLEN_KAPELY_ID,HODINY,POPIS) values ('11',to_date('17.12.18','DD.MM.RR'),'527','11','11','11','57','deliver distributed web services');
Insert into OBJEDNAVKA (OBJEDNAVKA_ID,DATUM,CENA,HOD_MANAZER_ID,EVENT_ID,CLEN_KAPELY_ID,HODINY,POPIS) values ('14',to_date('07.01.19','DD.MM.RR'),'997','14','14','14','9','seize magnetic channels');
Insert into OBJEDNAVKA (OBJEDNAVKA_ID,DATUM,CENA,HOD_MANAZER_ID,EVENT_ID,CLEN_KAPELY_ID,HODINY,POPIS) values ('16',to_date('19.08.18','DD.MM.RR'),'461','16','16','16','35','incubate sticky e-services');
Insert into OBJEDNAVKA (OBJEDNAVKA_ID,DATUM,CENA,HOD_MANAZER_ID,EVENT_ID,CLEN_KAPELY_ID,HODINY,POPIS) values ('21',to_date('11.09.18','DD.MM.RR'),'553','21','21','21','49','leverage enterprise supply-chains');
Insert into OBJEDNAVKA (OBJEDNAVKA_ID,DATUM,CENA,HOD_MANAZER_ID,EVENT_ID,CLEN_KAPELY_ID,HODINY,POPIS) values ('24',to_date('21.04.19','DD.MM.RR'),'192','24','24','24','28','repurpose value-added models');
Insert into OBJEDNAVKA (OBJEDNAVKA_ID,DATUM,CENA,HOD_MANAZER_ID,EVENT_ID,CLEN_KAPELY_ID,HODINY,POPIS) values ('26',to_date('14.03.19','DD.MM.RR'),'170','26','26','26','54','monetize compelling action-items');
Insert into OBJEDNAVKA (OBJEDNAVKA_ID,DATUM,CENA,HOD_MANAZER_ID,EVENT_ID,CLEN_KAPELY_ID,HODINY,POPIS) values ('28',to_date('12.05.18','DD.MM.RR'),'843','28','28','28','53','matrix e-business models');
Insert into OBJEDNAVKA (OBJEDNAVKA_ID,DATUM,CENA,HOD_MANAZER_ID,EVENT_ID,CLEN_KAPELY_ID,HODINY,POPIS) values ('32',to_date('01.04.19','DD.MM.RR'),'228','32','32','32','31','envisioneer impactful systems');
Insert into OBJEDNAVKA (OBJEDNAVKA_ID,DATUM,CENA,HOD_MANAZER_ID,EVENT_ID,CLEN_KAPELY_ID,HODINY,POPIS) values ('33',to_date('23.02.19','DD.MM.RR'),'690','33','33','33','60','transform user-centric portals');
Insert into OBJEDNAVKA (OBJEDNAVKA_ID,DATUM,CENA,HOD_MANAZER_ID,EVENT_ID,CLEN_KAPELY_ID,HODINY,POPIS) values ('35',to_date('01.10.18','DD.MM.RR'),'177','35','35','35','54','transition 24/7 experiences');
Insert into OBJEDNAVKA (OBJEDNAVKA_ID,DATUM,CENA,HOD_MANAZER_ID,EVENT_ID,CLEN_KAPELY_ID,HODINY,POPIS) values ('38',to_date('24.11.18','DD.MM.RR'),'839','38','38','38','51','scale extensible architectures');
Insert into OBJEDNAVKA (OBJEDNAVKA_ID,DATUM,CENA,HOD_MANAZER_ID,EVENT_ID,CLEN_KAPELY_ID,HODINY,POPIS) values ('39',to_date('07.05.18','DD.MM.RR'),'281','39','39','39','16','maximize virtual technologies');
Insert into OBJEDNAVKA (OBJEDNAVKA_ID,DATUM,CENA,HOD_MANAZER_ID,EVENT_ID,CLEN_KAPELY_ID,HODINY,POPIS) values ('48',to_date('19.12.18','DD.MM.RR'),'758','48','48','48','0','synergize sticky partnerships');
Insert into OBJEDNAVKA (OBJEDNAVKA_ID,DATUM,CENA,HOD_MANAZER_ID,EVENT_ID,CLEN_KAPELY_ID,HODINY,POPIS) values ('49',to_date('23.02.19','DD.MM.RR'),'343','49','49','49','43','embrace frictionless content');
Insert into OBJEDNAVKA (OBJEDNAVKA_ID,DATUM,CENA,HOD_MANAZER_ID,EVENT_ID,CLEN_KAPELY_ID,HODINY,POPIS) values ('56',to_date('12.07.18','DD.MM.RR'),'259','56','56','32','0','benchmark wireless convergence');
Insert into OBJEDNAVKA (OBJEDNAVKA_ID,DATUM,CENA,HOD_MANAZER_ID,EVENT_ID,CLEN_KAPELY_ID,HODINY,POPIS) values ('60',to_date('27.05.18','DD.MM.RR'),'494','60','60','60','63','cultivate compelling e-markets');
Insert into OBJEDNAVKA (OBJEDNAVKA_ID,DATUM,CENA,HOD_MANAZER_ID,EVENT_ID,CLEN_KAPELY_ID,HODINY,POPIS) values ('64',to_date('10.06.18','DD.MM.RR'),'306','64','64','64','34','enable dot-com users');
Insert into OBJEDNAVKA (OBJEDNAVKA_ID,DATUM,CENA,HOD_MANAZER_ID,EVENT_ID,CLEN_KAPELY_ID,HODINY,POPIS) values ('66',to_date('29.04.18','DD.MM.RR'),'947','66','66','66','42','mesh intuitive users');
Insert into OBJEDNAVKA (OBJEDNAVKA_ID,DATUM,CENA,HOD_MANAZER_ID,EVENT_ID,CLEN_KAPELY_ID,HODINY,POPIS) values ('69',to_date('04.11.18','DD.MM.RR'),'742','69','69','69','27','enable bricks-and-clicks interfaces');
Insert into OBJEDNAVKA (OBJEDNAVKA_ID,DATUM,CENA,HOD_MANAZER_ID,EVENT_ID,CLEN_KAPELY_ID,HODINY,POPIS) values ('70',to_date('04.12.18','DD.MM.RR'),'752','70','70','70','28','evolve e-business content');
Insert into OBJEDNAVKA (OBJEDNAVKA_ID,DATUM,CENA,HOD_MANAZER_ID,EVENT_ID,CLEN_KAPELY_ID,HODINY,POPIS) values ('72',to_date('03.10.18','DD.MM.RR'),'831','72','72','72','26','drive distributed relationships');
Insert into OBJEDNAVKA (OBJEDNAVKA_ID,DATUM,CENA,HOD_MANAZER_ID,EVENT_ID,CLEN_KAPELY_ID,HODINY,POPIS) values ('76',to_date('01.09.18','DD.MM.RR'),'882','76','76','76','6','transition dot-com partnerships');
Insert into OBJEDNAVKA (OBJEDNAVKA_ID,DATUM,CENA,HOD_MANAZER_ID,EVENT_ID,CLEN_KAPELY_ID,HODINY,POPIS) values ('86',to_date('26.01.19','DD.MM.RR'),'24','86','86','86','38','integrate holistic solutions');
Insert into OBJEDNAVKA (OBJEDNAVKA_ID,DATUM,CENA,HOD_MANAZER_ID,EVENT_ID,CLEN_KAPELY_ID,HODINY,POPIS) values ('87',to_date('28.02.19','DD.MM.RR'),'834','87','87','87','1','maximize 24/7 infomediaries');
Insert into OBJEDNAVKA (OBJEDNAVKA_ID,DATUM,CENA,HOD_MANAZER_ID,EVENT_ID,CLEN_KAPELY_ID,HODINY,POPIS) values ('89',to_date('11.09.18','DD.MM.RR'),'487','89','89','89','58','e-enable leading-edge infomediaries');
Insert into OBJEDNAVKA (OBJEDNAVKA_ID,DATUM,CENA,HOD_MANAZER_ID,EVENT_ID,CLEN_KAPELY_ID,HODINY,POPIS) values ('92',to_date('08.01.19','DD.MM.RR'),'901','92','92','92','68','transform enterprise networks');
Insert into OBJEDNAVKA (OBJEDNAVKA_ID,DATUM,CENA,HOD_MANAZER_ID,EVENT_ID,CLEN_KAPELY_ID,HODINY,POPIS) values ('98',to_date('30.08.18','DD.MM.RR'),'393','98','98','98','34','engage wireless synergies');
Insert into OBJEDNAVKA (OBJEDNAVKA_ID,DATUM,CENA,HOD_MANAZER_ID,EVENT_ID,CLEN_KAPELY_ID,HODINY,POPIS) values ('99',to_date('09.01.19','DD.MM.RR'),'870','99','99','99','2','synergize next-generation convergence');


insert into CLEN_KAPELY_HRAJE (KAPELA_ID, CLEN_KAPELY_ID) values (1, 1);
insert into CLEN_KAPELY_HRAJE (KAPELA_ID, CLEN_KAPELY_ID) values (2, 2);
insert into CLEN_KAPELY_HRAJE (KAPELA_ID, CLEN_KAPELY_ID) values (3, 3);
insert into CLEN_KAPELY_HRAJE (KAPELA_ID, CLEN_KAPELY_ID) values (4, 4);
insert into CLEN_KAPELY_HRAJE (KAPELA_ID, CLEN_KAPELY_ID) values (5, 5);
insert into CLEN_KAPELY_HRAJE (KAPELA_ID, CLEN_KAPELY_ID) values (6, 6);
insert into CLEN_KAPELY_HRAJE (KAPELA_ID, CLEN_KAPELY_ID) values (7, 7);
insert into CLEN_KAPELY_HRAJE (KAPELA_ID, CLEN_KAPELY_ID) values (8, 8);
insert into CLEN_KAPELY_HRAJE (KAPELA_ID, CLEN_KAPELY_ID) values (9, 9);
insert into CLEN_KAPELY_HRAJE (KAPELA_ID, CLEN_KAPELY_ID) values (10, 10);
insert into CLEN_KAPELY_HRAJE (KAPELA_ID, CLEN_KAPELY_ID) values (11, 11);
insert into CLEN_KAPELY_HRAJE (KAPELA_ID, CLEN_KAPELY_ID) values (12, 12);
insert into CLEN_KAPELY_HRAJE (KAPELA_ID, CLEN_KAPELY_ID) values (13, 13);
insert into CLEN_KAPELY_HRAJE (KAPELA_ID, CLEN_KAPELY_ID) values (14, 14);
insert into CLEN_KAPELY_HRAJE (KAPELA_ID, CLEN_KAPELY_ID) values (15, 15);
insert into CLEN_KAPELY_HRAJE (KAPELA_ID, CLEN_KAPELY_ID) values (16, 16);
insert into CLEN_KAPELY_HRAJE (KAPELA_ID, CLEN_KAPELY_ID) values (17, 17);
insert into CLEN_KAPELY_HRAJE (KAPELA_ID, CLEN_KAPELY_ID) values (18, 18);
insert into CLEN_KAPELY_HRAJE (KAPELA_ID, CLEN_KAPELY_ID) values (19, 19);
insert into CLEN_KAPELY_HRAJE (KAPELA_ID, CLEN_KAPELY_ID) values (20, 20);
insert into CLEN_KAPELY_HRAJE (KAPELA_ID, CLEN_KAPELY_ID) values (21, 21);
insert into CLEN_KAPELY_HRAJE (KAPELA_ID, CLEN_KAPELY_ID) values (22, 22);
insert into CLEN_KAPELY_HRAJE (KAPELA_ID, CLEN_KAPELY_ID) values (23, 23);
insert into CLEN_KAPELY_HRAJE (KAPELA_ID, CLEN_KAPELY_ID) values (24, 24);
insert into CLEN_KAPELY_HRAJE (KAPELA_ID, CLEN_KAPELY_ID) values (25, 25);
insert into CLEN_KAPELY_HRAJE (KAPELA_ID, CLEN_KAPELY_ID) values (26, 26);
insert into CLEN_KAPELY_HRAJE (KAPELA_ID, CLEN_KAPELY_ID) values (27, 27);
insert into CLEN_KAPELY_HRAJE (KAPELA_ID, CLEN_KAPELY_ID) values (28, 28);
insert into CLEN_KAPELY_HRAJE (KAPELA_ID, CLEN_KAPELY_ID) values (29, 29);
insert into CLEN_KAPELY_HRAJE (KAPELA_ID, CLEN_KAPELY_ID) values (30, 30);
insert into CLEN_KAPELY_HRAJE (KAPELA_ID, CLEN_KAPELY_ID) values (31, 31);
insert into CLEN_KAPELY_HRAJE (KAPELA_ID, CLEN_KAPELY_ID) values (32, 32);
insert into CLEN_KAPELY_HRAJE (KAPELA_ID, CLEN_KAPELY_ID) values (33, 33);
insert into CLEN_KAPELY_HRAJE (KAPELA_ID, CLEN_KAPELY_ID) values (34, 34);
--insert into CLEN_KAPELY_HRAJE (KAPELA_ID, CLEN_KAPELY_ID) values (35, 35);
--insert into CLEN_KAPELY_HRAJE (KAPELA_ID, CLEN_KAPELY_ID) values (36, 36);
insert into CLEN_KAPELY_HRAJE (KAPELA_ID, CLEN_KAPELY_ID) values (37, 37);
insert into CLEN_KAPELY_HRAJE (KAPELA_ID, CLEN_KAPELY_ID) values (38, 38);
insert into CLEN_KAPELY_HRAJE (KAPELA_ID, CLEN_KAPELY_ID) values (39, 39);
insert into CLEN_KAPELY_HRAJE (KAPELA_ID, CLEN_KAPELY_ID) values (40, 40);
insert into CLEN_KAPELY_HRAJE (KAPELA_ID, CLEN_KAPELY_ID) values (41, 41);
insert into CLEN_KAPELY_HRAJE (KAPELA_ID, CLEN_KAPELY_ID) values (42, 42);
insert into CLEN_KAPELY_HRAJE (KAPELA_ID, CLEN_KAPELY_ID) values (43, 43);
insert into CLEN_KAPELY_HRAJE (KAPELA_ID, CLEN_KAPELY_ID) values (44, 44);
insert into CLEN_KAPELY_HRAJE (KAPELA_ID, CLEN_KAPELY_ID) values (45, 45);
insert into CLEN_KAPELY_HRAJE (KAPELA_ID, CLEN_KAPELY_ID) values (46, 46);
insert into CLEN_KAPELY_HRAJE (KAPELA_ID, CLEN_KAPELY_ID) values (47, 47);
insert into CLEN_KAPELY_HRAJE (KAPELA_ID, CLEN_KAPELY_ID) values (48, 48);
insert into CLEN_KAPELY_HRAJE (KAPELA_ID, CLEN_KAPELY_ID) values (49, 49);
insert into CLEN_KAPELY_HRAJE (KAPELA_ID, CLEN_KAPELY_ID) values (50, 50);
insert into CLEN_KAPELY_HRAJE (KAPELA_ID, CLEN_KAPELY_ID) values (51, 51);
insert into CLEN_KAPELY_HRAJE (KAPELA_ID, CLEN_KAPELY_ID) values (52, 52);
insert into CLEN_KAPELY_HRAJE (KAPELA_ID, CLEN_KAPELY_ID) values (53, 53);
insert into CLEN_KAPELY_HRAJE (KAPELA_ID, CLEN_KAPELY_ID) values (54, 54);
insert into CLEN_KAPELY_HRAJE (KAPELA_ID, CLEN_KAPELY_ID) values (55, 55);
insert into CLEN_KAPELY_HRAJE (KAPELA_ID, CLEN_KAPELY_ID) values (56, 56);
insert into CLEN_KAPELY_HRAJE (KAPELA_ID, CLEN_KAPELY_ID) values (57, 57);
insert into CLEN_KAPELY_HRAJE (KAPELA_ID, CLEN_KAPELY_ID) values (58, 58);
insert into CLEN_KAPELY_HRAJE (KAPELA_ID, CLEN_KAPELY_ID) values (59, 59);
insert into CLEN_KAPELY_HRAJE (KAPELA_ID, CLEN_KAPELY_ID) values (60, 60);
insert into CLEN_KAPELY_HRAJE (KAPELA_ID, CLEN_KAPELY_ID) values (61, 61);
insert into CLEN_KAPELY_HRAJE (KAPELA_ID, CLEN_KAPELY_ID) values (62, 62);
insert into CLEN_KAPELY_HRAJE (KAPELA_ID, CLEN_KAPELY_ID) values (63, 63);
insert into CLEN_KAPELY_HRAJE (KAPELA_ID, CLEN_KAPELY_ID) values (64, 64);
insert into CLEN_KAPELY_HRAJE (KAPELA_ID, CLEN_KAPELY_ID) values (65, 65);
insert into CLEN_KAPELY_HRAJE (KAPELA_ID, CLEN_KAPELY_ID) values (66, 66);
insert into CLEN_KAPELY_HRAJE (KAPELA_ID, CLEN_KAPELY_ID) values (67, 67);
insert into CLEN_KAPELY_HRAJE (KAPELA_ID, CLEN_KAPELY_ID) values (68, 68);
insert into CLEN_KAPELY_HRAJE (KAPELA_ID, CLEN_KAPELY_ID) values (69, 69);
insert into CLEN_KAPELY_HRAJE (KAPELA_ID, CLEN_KAPELY_ID) values (70, 70);
insert into CLEN_KAPELY_HRAJE (KAPELA_ID, CLEN_KAPELY_ID) values (71, 71);
insert into CLEN_KAPELY_HRAJE (KAPELA_ID, CLEN_KAPELY_ID) values (72, 72);
insert into CLEN_KAPELY_HRAJE (KAPELA_ID, CLEN_KAPELY_ID) values (73, 73);
--insert into CLEN_KAPELY_HRAJE (KAPELA_ID, CLEN_KAPELY_ID) values (74, 74);
--insert into CLEN_KAPELY_HRAJE (KAPELA_ID, CLEN_KAPELY_ID) values (75, 75);
insert into CLEN_KAPELY_HRAJE (KAPELA_ID, CLEN_KAPELY_ID) values (76, 76);
insert into CLEN_KAPELY_HRAJE (KAPELA_ID, CLEN_KAPELY_ID) values (77, 77);
insert into CLEN_KAPELY_HRAJE (KAPELA_ID, CLEN_KAPELY_ID) values (78, 78);
insert into CLEN_KAPELY_HRAJE (KAPELA_ID, CLEN_KAPELY_ID) values (79, 79);
insert into CLEN_KAPELY_HRAJE (KAPELA_ID, CLEN_KAPELY_ID) values (80, 80);
insert into CLEN_KAPELY_HRAJE (KAPELA_ID, CLEN_KAPELY_ID) values (81, 81);
insert into CLEN_KAPELY_HRAJE (KAPELA_ID, CLEN_KAPELY_ID) values (82, 82);
insert into CLEN_KAPELY_HRAJE (KAPELA_ID, CLEN_KAPELY_ID) values (83, 83);
insert into CLEN_KAPELY_HRAJE (KAPELA_ID, CLEN_KAPELY_ID) values (84, 84);
insert into CLEN_KAPELY_HRAJE (KAPELA_ID, CLEN_KAPELY_ID) values (85, 85);
insert into CLEN_KAPELY_HRAJE (KAPELA_ID, CLEN_KAPELY_ID) values (86, 86);
insert into CLEN_KAPELY_HRAJE (KAPELA_ID, CLEN_KAPELY_ID) values (87, 87);
insert into CLEN_KAPELY_HRAJE (KAPELA_ID, CLEN_KAPELY_ID) values (88, 88);
insert into CLEN_KAPELY_HRAJE (KAPELA_ID, CLEN_KAPELY_ID) values (89, 89);
insert into CLEN_KAPELY_HRAJE (KAPELA_ID, CLEN_KAPELY_ID) values (90, 90);
insert into CLEN_KAPELY_HRAJE (KAPELA_ID, CLEN_KAPELY_ID) values (91, 91);
insert into CLEN_KAPELY_HRAJE (KAPELA_ID, CLEN_KAPELY_ID) values (92, 92);
insert into CLEN_KAPELY_HRAJE (KAPELA_ID, CLEN_KAPELY_ID) values (93, 93);
insert into CLEN_KAPELY_HRAJE (KAPELA_ID, CLEN_KAPELY_ID) values (94, 94);
insert into CLEN_KAPELY_HRAJE (KAPELA_ID, CLEN_KAPELY_ID) values (95, 95);
insert into CLEN_KAPELY_HRAJE (KAPELA_ID, CLEN_KAPELY_ID) values (96, 96);
insert into CLEN_KAPELY_HRAJE (KAPELA_ID, CLEN_KAPELY_ID) values (97, 97);
insert into CLEN_KAPELY_HRAJE (KAPELA_ID, CLEN_KAPELY_ID) values (98, 98);
insert into CLEN_KAPELY_HRAJE (KAPELA_ID, CLEN_KAPELY_ID) values (99, 99);
insert into CLEN_KAPELY_HRAJE (KAPELA_ID, CLEN_KAPELY_ID) values (100, 100);

insert into KAPELA_HOTEL (KAPELA_ID, HOTEL_ID) values (1, 1);
insert into KAPELA_HOTEL (KAPELA_ID, HOTEL_ID) values (2, 2);
insert into KAPELA_HOTEL (KAPELA_ID, HOTEL_ID) values (3, 3);
insert into KAPELA_HOTEL (KAPELA_ID, HOTEL_ID) values (4, 4);
insert into KAPELA_HOTEL (KAPELA_ID, HOTEL_ID) values (5, 5);
insert into KAPELA_HOTEL (KAPELA_ID, HOTEL_ID) values (6, 6);
insert into KAPELA_HOTEL (KAPELA_ID, HOTEL_ID) values (7, 7);
insert into KAPELA_HOTEL (KAPELA_ID, HOTEL_ID) values (8, 8);
insert into KAPELA_HOTEL (KAPELA_ID, HOTEL_ID) values (9, 9);
insert into KAPELA_HOTEL (KAPELA_ID, HOTEL_ID) values (10, 10);
insert into KAPELA_HOTEL (KAPELA_ID, HOTEL_ID) values (11, 11);
insert into KAPELA_HOTEL (KAPELA_ID, HOTEL_ID) values (12, 12);
insert into KAPELA_HOTEL (KAPELA_ID, HOTEL_ID) values (13, 13);
insert into KAPELA_HOTEL (KAPELA_ID, HOTEL_ID) values (14, 14);
insert into KAPELA_HOTEL (KAPELA_ID, HOTEL_ID) values (15, 15);
insert into KAPELA_HOTEL (KAPELA_ID, HOTEL_ID) values (16, 16);
insert into KAPELA_HOTEL (KAPELA_ID, HOTEL_ID) values (17, 17);
insert into KAPELA_HOTEL (KAPELA_ID, HOTEL_ID) values (18, 18);
insert into KAPELA_HOTEL (KAPELA_ID, HOTEL_ID) values (19, 19);
insert into KAPELA_HOTEL (KAPELA_ID, HOTEL_ID) values (20, 20);
insert into KAPELA_HOTEL (KAPELA_ID, HOTEL_ID) values (21, 21);
insert into KAPELA_HOTEL (KAPELA_ID, HOTEL_ID) values (22, 22);
insert into KAPELA_HOTEL (KAPELA_ID, HOTEL_ID) values (23, 23);
insert into KAPELA_HOTEL (KAPELA_ID, HOTEL_ID) values (24, 24);
insert into KAPELA_HOTEL (KAPELA_ID, HOTEL_ID) values (25, 25);
insert into KAPELA_HOTEL (KAPELA_ID, HOTEL_ID) values (26, 26);
insert into KAPELA_HOTEL (KAPELA_ID, HOTEL_ID) values (27, 27);
insert into KAPELA_HOTEL (KAPELA_ID, HOTEL_ID) values (28, 28);
insert into KAPELA_HOTEL (KAPELA_ID, HOTEL_ID) values (29, 29);
insert into KAPELA_HOTEL (KAPELA_ID, HOTEL_ID) values (30, 30);
insert into KAPELA_HOTEL (KAPELA_ID, HOTEL_ID) values (31, 31);
insert into KAPELA_HOTEL (KAPELA_ID, HOTEL_ID) values (32, 32);
insert into KAPELA_HOTEL (KAPELA_ID, HOTEL_ID) values (33, 33);
insert into KAPELA_HOTEL (KAPELA_ID, HOTEL_ID) values (34, 34);
insert into KAPELA_HOTEL (KAPELA_ID, HOTEL_ID) values (35, 35);
insert into KAPELA_HOTEL (KAPELA_ID, HOTEL_ID) values (36, 36);
insert into KAPELA_HOTEL (KAPELA_ID, HOTEL_ID) values (37, 37);
insert into KAPELA_HOTEL (KAPELA_ID, HOTEL_ID) values (38, 38);
insert into KAPELA_HOTEL (KAPELA_ID, HOTEL_ID) values (39, 39);
insert into KAPELA_HOTEL (KAPELA_ID, HOTEL_ID) values (40, 40);
insert into KAPELA_HOTEL (KAPELA_ID, HOTEL_ID) values (41, 41);
insert into KAPELA_HOTEL (KAPELA_ID, HOTEL_ID) values (42, 42);
insert into KAPELA_HOTEL (KAPELA_ID, HOTEL_ID) values (43, 43);
insert into KAPELA_HOTEL (KAPELA_ID, HOTEL_ID) values (44, 44);
insert into KAPELA_HOTEL (KAPELA_ID, HOTEL_ID) values (45, 45);
insert into KAPELA_HOTEL (KAPELA_ID, HOTEL_ID) values (46, 46);
insert into KAPELA_HOTEL (KAPELA_ID, HOTEL_ID) values (47, 47);
insert into KAPELA_HOTEL (KAPELA_ID, HOTEL_ID) values (48, 48);
insert into KAPELA_HOTEL (KAPELA_ID, HOTEL_ID) values (49, 49);
insert into KAPELA_HOTEL (KAPELA_ID, HOTEL_ID) values (50, 50);
insert into KAPELA_HOTEL (KAPELA_ID, HOTEL_ID) values (51, 51);
insert into KAPELA_HOTEL (KAPELA_ID, HOTEL_ID) values (52, 52);
insert into KAPELA_HOTEL (KAPELA_ID, HOTEL_ID) values (53, 53);
insert into KAPELA_HOTEL (KAPELA_ID, HOTEL_ID) values (54, 54);
insert into KAPELA_HOTEL (KAPELA_ID, HOTEL_ID) values (55, 55);
insert into KAPELA_HOTEL (KAPELA_ID, HOTEL_ID) values (56, 56);
insert into KAPELA_HOTEL (KAPELA_ID, HOTEL_ID) values (57, 57);
insert into KAPELA_HOTEL (KAPELA_ID, HOTEL_ID) values (58, 58);
insert into KAPELA_HOTEL (KAPELA_ID, HOTEL_ID) values (59, 59);
insert into KAPELA_HOTEL (KAPELA_ID, HOTEL_ID) values (60, 60);
insert into KAPELA_HOTEL (KAPELA_ID, HOTEL_ID) values (61, 61);
insert into KAPELA_HOTEL (KAPELA_ID, HOTEL_ID) values (62, 62);
insert into KAPELA_HOTEL (KAPELA_ID, HOTEL_ID) values (63, 63);
insert into KAPELA_HOTEL (KAPELA_ID, HOTEL_ID) values (64, 64);
insert into KAPELA_HOTEL (KAPELA_ID, HOTEL_ID) values (65, 65);
insert into KAPELA_HOTEL (KAPELA_ID, HOTEL_ID) values (66, 66);
insert into KAPELA_HOTEL (KAPELA_ID, HOTEL_ID) values (67, 67);
insert into KAPELA_HOTEL (KAPELA_ID, HOTEL_ID) values (68, 68);
insert into KAPELA_HOTEL (KAPELA_ID, HOTEL_ID) values (69, 69);
insert into KAPELA_HOTEL (KAPELA_ID, HOTEL_ID) values (70, 70);
insert into KAPELA_HOTEL (KAPELA_ID, HOTEL_ID) values (71, 71);
insert into KAPELA_HOTEL (KAPELA_ID, HOTEL_ID) values (72, 72);
insert into KAPELA_HOTEL (KAPELA_ID, HOTEL_ID) values (73, 73);
insert into KAPELA_HOTEL (KAPELA_ID, HOTEL_ID) values (74, 74);
insert into KAPELA_HOTEL (KAPELA_ID, HOTEL_ID) values (75, 75);
insert into KAPELA_HOTEL (KAPELA_ID, HOTEL_ID) values (76, 76);
insert into KAPELA_HOTEL (KAPELA_ID, HOTEL_ID) values (77, 77);
insert into KAPELA_HOTEL (KAPELA_ID, HOTEL_ID) values (78, 78);
insert into KAPELA_HOTEL (KAPELA_ID, HOTEL_ID) values (79, 79);
insert into KAPELA_HOTEL (KAPELA_ID, HOTEL_ID) values (80, 80);
insert into KAPELA_HOTEL (KAPELA_ID, HOTEL_ID) values (81, 81);
insert into KAPELA_HOTEL (KAPELA_ID, HOTEL_ID) values (82, 82);
insert into KAPELA_HOTEL (KAPELA_ID, HOTEL_ID) values (83, 83);
insert into KAPELA_HOTEL (KAPELA_ID, HOTEL_ID) values (84, 84);
insert into KAPELA_HOTEL (KAPELA_ID, HOTEL_ID) values (85, 85);
insert into KAPELA_HOTEL (KAPELA_ID, HOTEL_ID) values (86, 86);
insert into KAPELA_HOTEL (KAPELA_ID, HOTEL_ID) values (87, 87);
insert into KAPELA_HOTEL (KAPELA_ID, HOTEL_ID) values (88, 88);
insert into KAPELA_HOTEL (KAPELA_ID, HOTEL_ID) values (89, 89);
insert into KAPELA_HOTEL (KAPELA_ID, HOTEL_ID) values (90, 90);
insert into KAPELA_HOTEL (KAPELA_ID, HOTEL_ID) values (91, 91);
insert into KAPELA_HOTEL (KAPELA_ID, HOTEL_ID) values (92, 92);
insert into KAPELA_HOTEL (KAPELA_ID, HOTEL_ID) values (93, 93);
insert into KAPELA_HOTEL (KAPELA_ID, HOTEL_ID) values (94, 94);
insert into KAPELA_HOTEL (KAPELA_ID, HOTEL_ID) values (95, 95);
insert into KAPELA_HOTEL (KAPELA_ID, HOTEL_ID) values (96, 96);
insert into KAPELA_HOTEL (KAPELA_ID, HOTEL_ID) values (97, 97);
insert into KAPELA_HOTEL (KAPELA_ID, HOTEL_ID) values (98, 98);
insert into KAPELA_HOTEL (KAPELA_ID, HOTEL_ID) values (99, 99);
insert into KAPELA_HOTEL (KAPELA_ID, HOTEL_ID) values (100, 100);

insert into KAPELA_ZANER (KAPELA_ID, ZANER_ID) values (1, 5);
insert into KAPELA_ZANER (KAPELA_ID, ZANER_ID) values (2, 2);
insert into KAPELA_ZANER (KAPELA_ID, ZANER_ID) values (3, 3);
insert into KAPELA_ZANER (KAPELA_ID, ZANER_ID) values (4, 10);
insert into KAPELA_ZANER (KAPELA_ID, ZANER_ID) values (5, 8);
insert into KAPELA_ZANER (KAPELA_ID, ZANER_ID) values (6, 3);
insert into KAPELA_ZANER (KAPELA_ID, ZANER_ID) values (7, 12);
insert into KAPELA_ZANER (KAPELA_ID, ZANER_ID) values (8, 12);
insert into KAPELA_ZANER (KAPELA_ID, ZANER_ID) values (9, 6);
insert into KAPELA_ZANER (KAPELA_ID, ZANER_ID) values (10, 10);
insert into KAPELA_ZANER (KAPELA_ID, ZANER_ID) values (11, 3);
insert into KAPELA_ZANER (KAPELA_ID, ZANER_ID) values (12, 11);
insert into KAPELA_ZANER (KAPELA_ID, ZANER_ID) values (13, 4);
insert into KAPELA_ZANER (KAPELA_ID, ZANER_ID) values (14, 5);
insert into KAPELA_ZANER (KAPELA_ID, ZANER_ID) values (15, 4);
insert into KAPELA_ZANER (KAPELA_ID, ZANER_ID) values (16, 11);
insert into KAPELA_ZANER (KAPELA_ID, ZANER_ID) values (17, 2);
insert into KAPELA_ZANER (KAPELA_ID, ZANER_ID) values (18, 4);
insert into KAPELA_ZANER (KAPELA_ID, ZANER_ID) values (19, 2);
insert into KAPELA_ZANER (KAPELA_ID, ZANER_ID) values (20, 1);
insert into KAPELA_ZANER (KAPELA_ID, ZANER_ID) values (21, 4);
insert into KAPELA_ZANER (KAPELA_ID, ZANER_ID) values (22, 3);
insert into KAPELA_ZANER (KAPELA_ID, ZANER_ID) values (23, 13);
insert into KAPELA_ZANER (KAPELA_ID, ZANER_ID) values (24, 5);
insert into KAPELA_ZANER (KAPELA_ID, ZANER_ID) values (25, 2);
insert into KAPELA_ZANER (KAPELA_ID, ZANER_ID) values (26, 13);
insert into KAPELA_ZANER (KAPELA_ID, ZANER_ID) values (27, 4);
insert into KAPELA_ZANER (KAPELA_ID, ZANER_ID) values (28, 2);
insert into KAPELA_ZANER (KAPELA_ID, ZANER_ID) values (29, 10);
insert into KAPELA_ZANER (KAPELA_ID, ZANER_ID) values (30, 7);
insert into KAPELA_ZANER (KAPELA_ID, ZANER_ID) values (31, 11);
insert into KAPELA_ZANER (KAPELA_ID, ZANER_ID) values (32, 5);
insert into KAPELA_ZANER (KAPELA_ID, ZANER_ID) values (33, 4);
insert into KAPELA_ZANER (KAPELA_ID, ZANER_ID) values (34, 10);
insert into KAPELA_ZANER (KAPELA_ID, ZANER_ID) values (35, 3);
insert into KAPELA_ZANER (KAPELA_ID, ZANER_ID) values (36, 3);
insert into KAPELA_ZANER (KAPELA_ID, ZANER_ID) values (37, 7);
insert into KAPELA_ZANER (KAPELA_ID, ZANER_ID) values (38, 4);
insert into KAPELA_ZANER (KAPELA_ID, ZANER_ID) values (39, 11);
insert into KAPELA_ZANER (KAPELA_ID, ZANER_ID) values (40, 12);
insert into KAPELA_ZANER (KAPELA_ID, ZANER_ID) values (41, 1);
insert into KAPELA_ZANER (KAPELA_ID, ZANER_ID) values (42, 11);
insert into KAPELA_ZANER (KAPELA_ID, ZANER_ID) values (43, 9);
insert into KAPELA_ZANER (KAPELA_ID, ZANER_ID) values (44, 2);
insert into KAPELA_ZANER (KAPELA_ID, ZANER_ID) values (45, 10);
insert into KAPELA_ZANER (KAPELA_ID, ZANER_ID) values (46, 8);
insert into KAPELA_ZANER (KAPELA_ID, ZANER_ID) values (47, 7);
insert into KAPELA_ZANER (KAPELA_ID, ZANER_ID) values (48, 4);
insert into KAPELA_ZANER (KAPELA_ID, ZANER_ID) values (49, 11);
insert into KAPELA_ZANER (KAPELA_ID, ZANER_ID) values (50, 5);
insert into KAPELA_ZANER (KAPELA_ID, ZANER_ID) values (51, 2);
insert into KAPELA_ZANER (KAPELA_ID, ZANER_ID) values (52, 12);
insert into KAPELA_ZANER (KAPELA_ID, ZANER_ID) values (53, 4);
insert into KAPELA_ZANER (KAPELA_ID, ZANER_ID) values (54, 7);
insert into KAPELA_ZANER (KAPELA_ID, ZANER_ID) values (55, 7);
insert into KAPELA_ZANER (KAPELA_ID, ZANER_ID) values (56, 3);
insert into KAPELA_ZANER (KAPELA_ID, ZANER_ID) values (57, 6);
insert into KAPELA_ZANER (KAPELA_ID, ZANER_ID) values (58, 11);
insert into KAPELA_ZANER (KAPELA_ID, ZANER_ID) values (59, 3);
insert into KAPELA_ZANER (KAPELA_ID, ZANER_ID) values (60, 8);
insert into KAPELA_ZANER (KAPELA_ID, ZANER_ID) values (61, 4);
insert into KAPELA_ZANER (KAPELA_ID, ZANER_ID) values (62, 9);
insert into KAPELA_ZANER (KAPELA_ID, ZANER_ID) values (63, 13);
insert into KAPELA_ZANER (KAPELA_ID, ZANER_ID) values (64, 3);
insert into KAPELA_ZANER (KAPELA_ID, ZANER_ID) values (65, 8);
insert into KAPELA_ZANER (KAPELA_ID, ZANER_ID) values (66, 13);
insert into KAPELA_ZANER (KAPELA_ID, ZANER_ID) values (67, 4);
insert into KAPELA_ZANER (KAPELA_ID, ZANER_ID) values (68, 5);
insert into KAPELA_ZANER (KAPELA_ID, ZANER_ID) values (69, 6);
insert into KAPELA_ZANER (KAPELA_ID, ZANER_ID) values (70, 10);
insert into KAPELA_ZANER (KAPELA_ID, ZANER_ID) values (71, 2);
insert into KAPELA_ZANER (KAPELA_ID, ZANER_ID) values (72, 5);
insert into KAPELA_ZANER (KAPELA_ID, ZANER_ID) values (73, 13);
insert into KAPELA_ZANER (KAPELA_ID, ZANER_ID) values (74, 10);
insert into KAPELA_ZANER (KAPELA_ID, ZANER_ID) values (75, 7);
insert into KAPELA_ZANER (KAPELA_ID, ZANER_ID) values (76, 4);
insert into KAPELA_ZANER (KAPELA_ID, ZANER_ID) values (77, 11);
insert into KAPELA_ZANER (KAPELA_ID, ZANER_ID) values (78, 12);
insert into KAPELA_ZANER (KAPELA_ID, ZANER_ID) values (79, 5);
insert into KAPELA_ZANER (KAPELA_ID, ZANER_ID) values (80, 5);
insert into KAPELA_ZANER (KAPELA_ID, ZANER_ID) values (81, 1);
insert into KAPELA_ZANER (KAPELA_ID, ZANER_ID) values (82, 13);
insert into KAPELA_ZANER (KAPELA_ID, ZANER_ID) values (83, 3);
insert into KAPELA_ZANER (KAPELA_ID, ZANER_ID) values (84, 13);
insert into KAPELA_ZANER (KAPELA_ID, ZANER_ID) values (85, 7);
insert into KAPELA_ZANER (KAPELA_ID, ZANER_ID) values (86, 5);
insert into KAPELA_ZANER (KAPELA_ID, ZANER_ID) values (87, 4);
insert into KAPELA_ZANER (KAPELA_ID, ZANER_ID) values (88, 6);
insert into KAPELA_ZANER (KAPELA_ID, ZANER_ID) values (89, 6);
insert into KAPELA_ZANER (KAPELA_ID, ZANER_ID) values (90, 3);
insert into KAPELA_ZANER (KAPELA_ID, ZANER_ID) values (91, 1);
insert into KAPELA_ZANER (KAPELA_ID, ZANER_ID) values (92, 1);
insert into KAPELA_ZANER (KAPELA_ID, ZANER_ID) values (93, 7);
insert into KAPELA_ZANER (KAPELA_ID, ZANER_ID) values (94, 8);
insert into KAPELA_ZANER (KAPELA_ID, ZANER_ID) values (95, 1);
insert into KAPELA_ZANER (KAPELA_ID, ZANER_ID) values (96, 12);
insert into KAPELA_ZANER (KAPELA_ID, ZANER_ID) values (97, 13);
insert into KAPELA_ZANER (KAPELA_ID, ZANER_ID) values (98, 4);
insert into KAPELA_ZANER (KAPELA_ID, ZANER_ID) values (99, 7);
insert into KAPELA_ZANER (KAPELA_ID, ZANER_ID) values (100, 9);

insert into KAPELA_ZANER (KAPELA_ID, ZANER_ID) values (1, 8);
insert into KAPELA_ZANER (KAPELA_ID, ZANER_ID) values (2, 3);
insert into KAPELA_ZANER (KAPELA_ID, ZANER_ID) values (3, 4);
insert into KAPELA_ZANER (KAPELA_ID, ZANER_ID) values (4, 4);
insert into KAPELA_ZANER (KAPELA_ID, ZANER_ID) values (5, 3);
insert into KAPELA_ZANER (KAPELA_ID, ZANER_ID) values (6, 12);
insert into KAPELA_ZANER (KAPELA_ID, ZANER_ID) values (7, 1);
insert into KAPELA_ZANER (KAPELA_ID, ZANER_ID) values (8, 5);
insert into KAPELA_ZANER (KAPELA_ID, ZANER_ID) values (9, 8);
insert into KAPELA_ZANER (KAPELA_ID, ZANER_ID) values (10, 5);
insert into KAPELA_ZANER (KAPELA_ID, ZANER_ID) values (11, 7);
insert into KAPELA_ZANER (KAPELA_ID, ZANER_ID) values (12, 6);
insert into KAPELA_ZANER (KAPELA_ID, ZANER_ID) values (13, 1);
insert into KAPELA_ZANER (KAPELA_ID, ZANER_ID) values (14, 3);
insert into KAPELA_ZANER (KAPELA_ID, ZANER_ID) values (15, 2);
insert into KAPELA_ZANER (KAPELA_ID, ZANER_ID) values (16, 8);
insert into KAPELA_ZANER (KAPELA_ID, ZANER_ID) values (17, 9);
insert into KAPELA_ZANER (KAPELA_ID, ZANER_ID) values (18, 6);
insert into KAPELA_ZANER (KAPELA_ID, ZANER_ID) values (19, 6);
insert into KAPELA_ZANER (KAPELA_ID, ZANER_ID) values (20, 11);
insert into KAPELA_ZANER (KAPELA_ID, ZANER_ID) values (21, 6);
insert into KAPELA_ZANER (KAPELA_ID, ZANER_ID) values (22, 5);
insert into KAPELA_ZANER (KAPELA_ID, ZANER_ID) values (23, 9);
insert into KAPELA_ZANER (KAPELA_ID, ZANER_ID) values (24, 2);
insert into KAPELA_ZANER (KAPELA_ID, ZANER_ID) values (25, 1);
insert into KAPELA_ZANER (KAPELA_ID, ZANER_ID) values (26, 11);
insert into KAPELA_ZANER (KAPELA_ID, ZANER_ID) values (27, 6);
insert into KAPELA_ZANER (KAPELA_ID, ZANER_ID) values (28, 3);
insert into KAPELA_ZANER (KAPELA_ID, ZANER_ID) values (29, 12);
insert into KAPELA_ZANER (KAPELA_ID, ZANER_ID) values (30, 11);
insert into KAPELA_ZANER (KAPELA_ID, ZANER_ID) values (31, 13);
insert into KAPELA_ZANER (KAPELA_ID, ZANER_ID) values (32, 9);
insert into KAPELA_ZANER (KAPELA_ID, ZANER_ID) values (33, 3);
insert into KAPELA_ZANER (KAPELA_ID, ZANER_ID) values (34, 13);
insert into KAPELA_ZANER (KAPELA_ID, ZANER_ID) values (35, 9);
insert into KAPELA_ZANER (KAPELA_ID, ZANER_ID) values (36, 5);
insert into KAPELA_ZANER (KAPELA_ID, ZANER_ID) values (37, 2);
insert into KAPELA_ZANER (KAPELA_ID, ZANER_ID) values (38, 1);
insert into KAPELA_ZANER (KAPELA_ID, ZANER_ID) values (39, 4);
insert into KAPELA_ZANER (KAPELA_ID, ZANER_ID) values (40, 3);
insert into KAPELA_ZANER (KAPELA_ID, ZANER_ID) values (41, 8);
insert into KAPELA_ZANER (KAPELA_ID, ZANER_ID) values (42, 10);
insert into KAPELA_ZANER (KAPELA_ID, ZANER_ID) values (43, 7);
insert into KAPELA_ZANER (KAPELA_ID, ZANER_ID) values (44, 7);
insert into KAPELA_ZANER (KAPELA_ID, ZANER_ID) values (45, 7);
insert into KAPELA_ZANER (KAPELA_ID, ZANER_ID) values (46, 10);
insert into KAPELA_ZANER (KAPELA_ID, ZANER_ID) values (47, 3);
insert into KAPELA_ZANER (KAPELA_ID, ZANER_ID) values (48, 5);
insert into KAPELA_ZANER (KAPELA_ID, ZANER_ID) values (49, 1);
insert into KAPELA_ZANER (KAPELA_ID, ZANER_ID) values (50, 11);
insert into KAPELA_ZANER (KAPELA_ID, ZANER_ID) values (51, 1);
insert into KAPELA_ZANER (KAPELA_ID, ZANER_ID) values (52, 2);
insert into KAPELA_ZANER (KAPELA_ID, ZANER_ID) values (53, 9);
insert into KAPELA_ZANER (KAPELA_ID, ZANER_ID) values (54, 12);
insert into KAPELA_ZANER (KAPELA_ID, ZANER_ID) values (55, 9);
insert into KAPELA_ZANER (KAPELA_ID, ZANER_ID) values (56, 11);
insert into KAPELA_ZANER (KAPELA_ID, ZANER_ID) values (57, 3);
insert into KAPELA_ZANER (KAPELA_ID, ZANER_ID) values (58, 1);
insert into KAPELA_ZANER (KAPELA_ID, ZANER_ID) values (59, 1);
insert into KAPELA_ZANER (KAPELA_ID, ZANER_ID) values (60, 13);
insert into KAPELA_ZANER (KAPELA_ID, ZANER_ID) values (61, 3);
insert into KAPELA_ZANER (KAPELA_ID, ZANER_ID) values (62, 3);
insert into KAPELA_ZANER (KAPELA_ID, ZANER_ID) values (63, 8);
insert into KAPELA_ZANER (KAPELA_ID, ZANER_ID) values (64, 1);
insert into KAPELA_ZANER (KAPELA_ID, ZANER_ID) values (65, 4);
insert into KAPELA_ZANER (KAPELA_ID, ZANER_ID) values (66, 11);
insert into KAPELA_ZANER (KAPELA_ID, ZANER_ID) values (67, 12);
insert into KAPELA_ZANER (KAPELA_ID, ZANER_ID) values (68, 13);
insert into KAPELA_ZANER (KAPELA_ID, ZANER_ID) values (69, 2);
insert into KAPELA_ZANER (KAPELA_ID, ZANER_ID) values (70, 13);
insert into KAPELA_ZANER (KAPELA_ID, ZANER_ID) values (71, 12);
insert into KAPELA_ZANER (KAPELA_ID, ZANER_ID) values (72, 3);
insert into KAPELA_ZANER (KAPELA_ID, ZANER_ID) values (73, 12);
insert into KAPELA_ZANER (KAPELA_ID, ZANER_ID) values (74, 2);
insert into KAPELA_ZANER (KAPELA_ID, ZANER_ID) values (75, 12);
insert into KAPELA_ZANER (KAPELA_ID, ZANER_ID) values (76, 10);
insert into KAPELA_ZANER (KAPELA_ID, ZANER_ID) values (77, 12);
insert into KAPELA_ZANER (KAPELA_ID, ZANER_ID) values (78, 7);
insert into KAPELA_ZANER (KAPELA_ID, ZANER_ID) values (79, 9);
insert into KAPELA_ZANER (KAPELA_ID, ZANER_ID) values (80, 13);
insert into KAPELA_ZANER (KAPELA_ID, ZANER_ID) values (81, 4);
insert into KAPELA_ZANER (KAPELA_ID, ZANER_ID) values (82, 5);
insert into KAPELA_ZANER (KAPELA_ID, ZANER_ID) values (83, 9);
insert into KAPELA_ZANER (KAPELA_ID, ZANER_ID) values (84, 11);
insert into KAPELA_ZANER (KAPELA_ID, ZANER_ID) values (85, 2);
insert into KAPELA_ZANER (KAPELA_ID, ZANER_ID) values (86, 1);
insert into KAPELA_ZANER (KAPELA_ID, ZANER_ID) values (87, 3);
insert into KAPELA_ZANER (KAPELA_ID, ZANER_ID) values (88, 13);
insert into KAPELA_ZANER (KAPELA_ID, ZANER_ID) values (89, 2);
insert into KAPELA_ZANER (KAPELA_ID, ZANER_ID) values (90, 6);
insert into KAPELA_ZANER (KAPELA_ID, ZANER_ID) values (91, 3);
insert into KAPELA_ZANER (KAPELA_ID, ZANER_ID) values (92, 13);
insert into KAPELA_ZANER (KAPELA_ID, ZANER_ID) values (93, 10);
insert into KAPELA_ZANER (KAPELA_ID, ZANER_ID) values (94, 9);
insert into KAPELA_ZANER (KAPELA_ID, ZANER_ID) values (95, 10);
insert into KAPELA_ZANER (KAPELA_ID, ZANER_ID) values (96, 13);
insert into KAPELA_ZANER (KAPELA_ID, ZANER_ID) values (97, 4);
insert into KAPELA_ZANER (KAPELA_ID, ZANER_ID) values (98, 12);
insert into KAPELA_ZANER (KAPELA_ID, ZANER_ID) values (99, 4);
insert into KAPELA_ZANER (KAPELA_ID, ZANER_ID) values (100, 10);

insert into KAPELA_HOTEL (KAPELA_ID, HOTEL_ID) values (1, 13);
insert into KAPELA_HOTEL (KAPELA_ID, HOTEL_ID) values (2, 13);
insert into KAPELA_HOTEL (KAPELA_ID, HOTEL_ID) values (3, 13);
insert into KAPELA_HOTEL (KAPELA_ID, HOTEL_ID) values (4, 13);
insert into KAPELA_HOTEL (KAPELA_ID, HOTEL_ID) values (5, 13);
insert into KAPELA_HOTEL (KAPELA_ID, HOTEL_ID) values (6, 13);
insert into KAPELA_HOTEL (KAPELA_ID, HOTEL_ID) values (7, 13);
insert into KAPELA_HOTEL (KAPELA_ID, HOTEL_ID) values (8, 13);
insert into KAPELA_HOTEL (KAPELA_ID, HOTEL_ID) values (9, 13);
insert into KAPELA_HOTEL (KAPELA_ID, HOTEL_ID) values (10, 13);
insert into KAPELA_HOTEL (KAPELA_ID, HOTEL_ID) values (11, 13);
insert into KAPELA_HOTEL (KAPELA_ID, HOTEL_ID) values (12, 13);
insert into KAPELA_HOTEL (KAPELA_ID, HOTEL_ID) values (14, 13);
insert into KAPELA_HOTEL (KAPELA_ID, HOTEL_ID) values (15, 13);
insert into KAPELA_HOTEL (KAPELA_ID, HOTEL_ID) values (16, 13);
insert into KAPELA_HOTEL (KAPELA_ID, HOTEL_ID) values (17, 13);
insert into KAPELA_HOTEL (KAPELA_ID, HOTEL_ID) values (18, 13);
insert into KAPELA_HOTEL (KAPELA_ID, HOTEL_ID) values (19, 13);
insert into KAPELA_HOTEL (KAPELA_ID, HOTEL_ID) values (20, 13);
insert into KAPELA_HOTEL (KAPELA_ID, HOTEL_ID) values (21, 13);
insert into KAPELA_HOTEL (KAPELA_ID, HOTEL_ID) values (22, 13);
insert into KAPELA_HOTEL (KAPELA_ID, HOTEL_ID) values (23, 13);
insert into KAPELA_HOTEL (KAPELA_ID, HOTEL_ID) values (24, 13);
insert into KAPELA_HOTEL (KAPELA_ID, HOTEL_ID) values (25, 13);
insert into KAPELA_HOTEL (KAPELA_ID, HOTEL_ID) values (26, 13);
insert into KAPELA_HOTEL (KAPELA_ID, HOTEL_ID) values (27, 13);
insert into KAPELA_HOTEL (KAPELA_ID, HOTEL_ID) values (28, 13);
insert into KAPELA_HOTEL (KAPELA_ID, HOTEL_ID) values (29, 13);
insert into KAPELA_HOTEL (KAPELA_ID, HOTEL_ID) values (30, 13);
insert into KAPELA_HOTEL (KAPELA_ID, HOTEL_ID) values (31, 13);
insert into KAPELA_HOTEL (KAPELA_ID, HOTEL_ID) values (32, 13);
insert into KAPELA_HOTEL (KAPELA_ID, HOTEL_ID) values (33, 13);
insert into KAPELA_HOTEL (KAPELA_ID, HOTEL_ID) values (34, 13);
insert into KAPELA_HOTEL (KAPELA_ID, HOTEL_ID) values (35, 13);
insert into KAPELA_HOTEL (KAPELA_ID, HOTEL_ID) values (36, 13);
insert into KAPELA_HOTEL (KAPELA_ID, HOTEL_ID) values (37, 13);
insert into KAPELA_HOTEL (KAPELA_ID, HOTEL_ID) values (38, 13);
insert into KAPELA_HOTEL (KAPELA_ID, HOTEL_ID) values (39, 13);
insert into KAPELA_HOTEL (KAPELA_ID, HOTEL_ID) values (40, 13);
insert into KAPELA_HOTEL (KAPELA_ID, HOTEL_ID) values (41, 13);
insert into KAPELA_HOTEL (KAPELA_ID, HOTEL_ID) values (42, 13);
insert into KAPELA_HOTEL (KAPELA_ID, HOTEL_ID) values (43, 13);
insert into KAPELA_HOTEL (KAPELA_ID, HOTEL_ID) values (44, 13);
insert into KAPELA_HOTEL (KAPELA_ID, HOTEL_ID) values (45, 13);
insert into KAPELA_HOTEL (KAPELA_ID, HOTEL_ID) values (46, 13);
insert into KAPELA_HOTEL (KAPELA_ID, HOTEL_ID) values (47, 13);
insert into KAPELA_HOTEL (KAPELA_ID, HOTEL_ID) values (48, 13);
insert into KAPELA_HOTEL (KAPELA_ID, HOTEL_ID) values (49, 13);
insert into KAPELA_HOTEL (KAPELA_ID, HOTEL_ID) values (50, 13);
insert into KAPELA_HOTEL (KAPELA_ID, HOTEL_ID) values (51, 13);
insert into KAPELA_HOTEL (KAPELA_ID, HOTEL_ID) values (52, 13);
insert into KAPELA_HOTEL (KAPELA_ID, HOTEL_ID) values (53, 13);
insert into KAPELA_HOTEL (KAPELA_ID, HOTEL_ID) values (54, 13);
insert into KAPELA_HOTEL (KAPELA_ID, HOTEL_ID) values (55, 13);
insert into KAPELA_HOTEL (KAPELA_ID, HOTEL_ID) values (56, 13);
insert into KAPELA_HOTEL (KAPELA_ID, HOTEL_ID) values (57, 13);
insert into KAPELA_HOTEL (KAPELA_ID, HOTEL_ID) values (58, 13);
insert into KAPELA_HOTEL (KAPELA_ID, HOTEL_ID) values (59, 13);
insert into KAPELA_HOTEL (KAPELA_ID, HOTEL_ID) values (60, 13);
insert into KAPELA_HOTEL (KAPELA_ID, HOTEL_ID) values (61, 13);
insert into KAPELA_HOTEL (KAPELA_ID, HOTEL_ID) values (62, 13);
insert into KAPELA_HOTEL (KAPELA_ID, HOTEL_ID) values (63, 13);
insert into KAPELA_HOTEL (KAPELA_ID, HOTEL_ID) values (64, 13);
insert into KAPELA_HOTEL (KAPELA_ID, HOTEL_ID) values (65, 13);
insert into KAPELA_HOTEL (KAPELA_ID, HOTEL_ID) values (66, 13);
insert into KAPELA_HOTEL (KAPELA_ID, HOTEL_ID) values (67, 13);
insert into KAPELA_HOTEL (KAPELA_ID, HOTEL_ID) values (68, 13);
insert into KAPELA_HOTEL (KAPELA_ID, HOTEL_ID) values (69, 13);
insert into KAPELA_HOTEL (KAPELA_ID, HOTEL_ID) values (70, 13);
insert into KAPELA_HOTEL (KAPELA_ID, HOTEL_ID) values (71, 13);
insert into KAPELA_HOTEL (KAPELA_ID, HOTEL_ID) values (72, 13);
insert into KAPELA_HOTEL (KAPELA_ID, HOTEL_ID) values (73, 13);
insert into KAPELA_HOTEL (KAPELA_ID, HOTEL_ID) values (74, 13);
insert into KAPELA_HOTEL (KAPELA_ID, HOTEL_ID) values (75, 13);
insert into KAPELA_HOTEL (KAPELA_ID, HOTEL_ID) values (76, 13);
insert into KAPELA_HOTEL (KAPELA_ID, HOTEL_ID) values (77, 13);
insert into KAPELA_HOTEL (KAPELA_ID, HOTEL_ID) values (78, 13);
insert into KAPELA_HOTEL (KAPELA_ID, HOTEL_ID) values (79, 13);
insert into KAPELA_HOTEL (KAPELA_ID, HOTEL_ID) values (80, 13);
insert into KAPELA_HOTEL (KAPELA_ID, HOTEL_ID) values (81, 13);
insert into KAPELA_HOTEL (KAPELA_ID, HOTEL_ID) values (82, 13);
insert into KAPELA_HOTEL (KAPELA_ID, HOTEL_ID) values (83, 13);
insert into KAPELA_HOTEL (KAPELA_ID, HOTEL_ID) values (84, 13);
insert into KAPELA_HOTEL (KAPELA_ID, HOTEL_ID) values (85, 13);
insert into KAPELA_HOTEL (KAPELA_ID, HOTEL_ID) values (86, 13);
insert into KAPELA_HOTEL (KAPELA_ID, HOTEL_ID) values (87, 13);
insert into KAPELA_HOTEL (KAPELA_ID, HOTEL_ID) values (88, 13);
insert into KAPELA_HOTEL (KAPELA_ID, HOTEL_ID) values (89, 13);
insert into KAPELA_HOTEL (KAPELA_ID, HOTEL_ID) values (90, 13);
insert into KAPELA_HOTEL (KAPELA_ID, HOTEL_ID) values (91, 13);
insert into KAPELA_HOTEL (KAPELA_ID, HOTEL_ID) values (92, 13);
insert into KAPELA_HOTEL (KAPELA_ID, HOTEL_ID) values (93, 13);
insert into KAPELA_HOTEL (KAPELA_ID, HOTEL_ID) values (94, 13);
insert into KAPELA_HOTEL (KAPELA_ID, HOTEL_ID) values (95, 13);
insert into KAPELA_HOTEL (KAPELA_ID, HOTEL_ID) values (96, 13);
insert into KAPELA_HOTEL (KAPELA_ID, HOTEL_ID) values (97, 13);
insert into KAPELA_HOTEL (KAPELA_ID, HOTEL_ID) values (98, 13);
insert into KAPELA_HOTEL (KAPELA_ID, HOTEL_ID) values (99, 13);
insert into KAPELA_HOTEL (KAPELA_ID, HOTEL_ID) values (100, 13);

insert into KAPELA_HOTEL (KAPELA_ID, HOTEL_ID) values (56, 42);
insert into KAPELA_HOTEL (KAPELA_ID, HOTEL_ID) values (56, 92);
insert into KAPELA_HOTEL (KAPELA_ID, HOTEL_ID) values (56, 84);
insert into KAPELA_HOTEL (KAPELA_ID, HOTEL_ID) values (56, 66);

insert into KAPELA_HOTEL (KAPELA_ID, HOTEL_ID) values (13, 42);
insert into KAPELA_HOTEL (KAPELA_ID, HOTEL_ID) values (18, 92);
insert into KAPELA_HOTEL (KAPELA_ID, HOTEL_ID) values (76, 84);
insert into KAPELA_HOTEL (KAPELA_ID, HOTEL_ID) values (76, 66);

insert into KAPELA (KAPELA_ID, NAZOV_KAPELY, POPIS) values (101, 'Darkthrone', 'Trvest norwegian black metal');
insert into KAPELA_HOTEL (KAPELA_ID, HOTEL_ID) values (101, 13);
insert into HOTEL(HOTEL_ID, NAZOV, CENA_ZA_NOC, ADRESA_ID) values (420,'Blaze it', 69, 42);
commit;

EXECUTE ZAPNI_CIZI_KLICE();