[
  {
    "_id": "ba86d630-37b1-11eb-94f0-6b8146a227ad",
    "_type": "dashboard",
    "_source": {
      "title": "Dashboard #2",
      "hits": 0,
      "description": "",
      "panelsJSON": "[{\"panelIndex\":\"1\",\"gridData\":{\"x\":0,\"y\":5,\"w\":6,\"h\":4,\"i\":\"1\"},\"version\":\"6.2.4\",\"type\":\"visualization\",\"id\":\"2eb51310-37b1-11eb-94f0-6b8146a227ad\"},{\"panelIndex\":\"2\",\"gridData\":{\"x\":6,\"y\":0,\"w\":6,\"h\":4,\"i\":\"2\"},\"version\":\"6.2.4\",\"type\":\"visualization\",\"id\":\"30b8f630-37ad-11eb-94f0-6b8146a227ad\"},{\"panelIndex\":\"3\",\"gridData\":{\"x\":6,\"y\":4,\"w\":6,\"h\":4,\"i\":\"3\"},\"version\":\"6.2.4\",\"type\":\"visualization\",\"id\":\"04f03b00-37ab-11eb-94f0-6b8146a227ad\"},{\"panelIndex\":\"4\",\"gridData\":{\"x\":0,\"y\":0,\"w\":6,\"h\":5,\"i\":\"4\"},\"version\":\"6.2.4\",\"type\":\"visualization\",\"id\":\"9a237980-37b0-11eb-94f0-6b8146a227ad\"}]",
      "optionsJSON": "{\"darkTheme\":false,\"useMargins\":true,\"hidePanelTitles\":false}",
      "version": 1,
      "timeRestore": false,
      "kibanaSavedObjectMeta": {
        "searchSourceJSON": "{\"query\":{\"query\":\"\",\"language\":\"lucene\"},\"filter\":[],\"highlightAll\":true,\"version\":true}"
      }
    },
    "_meta": {
      "savedObjectVersion": 2
    }
  },
  {
    "_id": "83b999d0-37b1-11eb-94f0-6b8146a227ad",
    "_type": "dashboard",
    "_source": {
      "title": "Dashboard #1",
      "hits": 0,
      "description": "",
      "panelsJSON": "[{\"gridData\":{\"h\":6,\"i\":\"1\",\"w\":6,\"x\":0,\"y\":0},\"id\":\"2abcd6e0-36ed-11eb-94f0-6b8146a227ad\",\"panelIndex\":\"1\",\"type\":\"visualization\",\"version\":\"6.2.4\"},{\"gridData\":{\"h\":3,\"i\":\"2\",\"w\":6,\"x\":6,\"y\":0},\"id\":\"8bbdf740-36e7-11eb-94f0-6b8146a227ad\",\"panelIndex\":\"2\",\"type\":\"visualization\",\"version\":\"6.2.4\"},{\"gridData\":{\"h\":3,\"i\":\"3\",\"w\":6,\"x\":6,\"y\":3},\"id\":\"0981e300-37a9-11eb-94f0-6b8146a227ad\",\"panelIndex\":\"3\",\"type\":\"visualization\",\"version\":\"6.2.4\"},{\"gridData\":{\"h\":5,\"i\":\"4\",\"w\":6,\"x\":0,\"y\":6},\"id\":\"f5bc8150-37a7-11eb-94f0-6b8146a227ad\",\"panelIndex\":\"4\",\"type\":\"visualization\",\"version\":\"6.2.4\"},{\"gridData\":{\"h\":5,\"i\":\"5\",\"w\":6,\"x\":6,\"y\":6},\"id\":\"94a95840-36ec-11eb-94f0-6b8146a227ad\",\"panelIndex\":\"5\",\"type\":\"visualization\",\"version\":\"6.2.4\"}]",
      "optionsJSON": "{\"darkTheme\":false,\"hidePanelTitles\":false,\"useMargins\":true}",
      "version": 1,
      "timeRestore": false,
      "kibanaSavedObjectMeta": {
        "searchSourceJSON": "{\"query\":{\"language\":\"lucene\",\"query\":\"\"},\"filter\":[],\"highlightAll\":true,\"version\":true}"
      }
    },
    "_meta": {
      "savedObjectVersion": 2
    }
  },
  {
    "_id": "94a95840-36ec-11eb-94f0-6b8146a227ad",
    "_type": "visualization",
    "_source": {
      "title": "Sum of global sales per platform",
      "visState": "{\"title\":\"Sum of global sales per platform\",\"type\":\"horizontal_bar\",\"params\":{\"type\":\"histogram\",\"grid\":{\"categoryLines\":false,\"style\":{\"color\":\"#eee\"}},\"categoryAxes\":[{\"id\":\"CategoryAxis-1\",\"type\":\"category\",\"position\":\"left\",\"show\":true,\"style\":{},\"scale\":{\"type\":\"linear\"},\"labels\":{\"show\":true,\"rotate\":0,\"filter\":false,\"truncate\":200},\"title\":{}}],\"valueAxes\":[{\"id\":\"ValueAxis-1\",\"name\":\"LeftAxis-1\",\"type\":\"value\",\"position\":\"bottom\",\"show\":true,\"style\":{},\"scale\":{\"type\":\"linear\",\"mode\":\"normal\"},\"labels\":{\"show\":true,\"rotate\":75,\"filter\":true,\"truncate\":100},\"title\":{\"text\":\"Sum of Global Sales\"}}],\"seriesParams\":[{\"show\":true,\"type\":\"histogram\",\"mode\":\"normal\",\"data\":{\"label\":\"Sum of Global Sales\",\"id\":\"1\"},\"valueAxis\":\"ValueAxis-1\",\"drawLinesBetweenPoints\":true,\"showCircles\":true}],\"addTooltip\":true,\"addLegend\":true,\"legendPosition\":\"right\",\"times\":[],\"addTimeMarker\":false},\"aggs\":[{\"id\":\"1\",\"enabled\":true,\"type\":\"sum\",\"schema\":\"metric\",\"params\":{\"field\":\"Global_Sales\",\"customLabel\":\"Sum of Global Sales\"}},{\"id\":\"2\",\"enabled\":true,\"type\":\"terms\",\"schema\":\"segment\",\"params\":{\"field\":\"Platform.keyword\",\"otherBucket\":false,\"otherBucketLabel\":\"Other\",\"missingBucket\":false,\"missingBucketLabel\":\"Missing\",\"size\":10,\"order\":\"desc\",\"orderBy\":\"1\",\"customLabel\":\"Platform\"}}]}",
      "uiStateJSON": "{}",
      "description": "",
      "version": 1,
      "kibanaSavedObjectMeta": {
        "searchSourceJSON": "{\"index\":\"5c0878e0-36e2-11eb-94f0-6b8146a227ad\",\"filter\":[],\"query\":{\"query\":\"\",\"language\":\"lucene\"}}"
      }
    },
    "_meta": {
      "savedObjectVersion": 2
    }
  },
  {
    "_id": "2abcd6e0-36ed-11eb-94f0-6b8146a227ad",
    "_type": "visualization",
    "_source": {
      "title": "Average Critic Score per Genre",
      "visState": "{\"title\":\"Average Critic Score per Genre\",\"type\":\"histogram\",\"params\":{\"type\":\"histogram\",\"grid\":{\"categoryLines\":false,\"style\":{\"color\":\"#eee\"}},\"categoryAxes\":[{\"id\":\"CategoryAxis-1\",\"type\":\"category\",\"position\":\"bottom\",\"show\":true,\"style\":{},\"scale\":{\"type\":\"linear\"},\"labels\":{\"show\":true,\"truncate\":100},\"title\":{}}],\"valueAxes\":[{\"id\":\"ValueAxis-1\",\"name\":\"LeftAxis-1\",\"type\":\"value\",\"position\":\"left\",\"show\":true,\"style\":{},\"scale\":{\"type\":\"linear\",\"mode\":\"normal\"},\"labels\":{\"show\":true,\"rotate\":0,\"filter\":false,\"truncate\":100},\"title\":{\"text\":\"Average Critic Score\"}}],\"seriesParams\":[{\"show\":\"true\",\"type\":\"histogram\",\"mode\":\"stacked\",\"data\":{\"label\":\"Average Critic Score\",\"id\":\"1\"},\"valueAxis\":\"ValueAxis-1\",\"drawLinesBetweenPoints\":true,\"showCircles\":true}],\"addTooltip\":true,\"addLegend\":true,\"legendPosition\":\"right\",\"times\":[],\"addTimeMarker\":false},\"aggs\":[{\"id\":\"1\",\"enabled\":true,\"type\":\"avg\",\"schema\":\"metric\",\"params\":{\"field\":\"Critic_Score\",\"customLabel\":\"Average Critic Score\"}},{\"id\":\"2\",\"enabled\":true,\"type\":\"terms\",\"schema\":\"segment\",\"params\":{\"field\":\"Genre.keyword\",\"otherBucket\":false,\"otherBucketLabel\":\"Other\",\"missingBucket\":false,\"missingBucketLabel\":\"Missing\",\"size\":12,\"order\":\"desc\",\"orderBy\":\"1\",\"customLabel\":\"Genres\"}}]}",
      "uiStateJSON": "{}",
      "description": "",
      "version": 1,
      "kibanaSavedObjectMeta": {
        "searchSourceJSON": "{\"index\":\"5c0878e0-36e2-11eb-94f0-6b8146a227ad\",\"filter\":[],\"query\":{\"query\":\"\",\"language\":\"lucene\"}}"
      }
    },
    "_meta": {
      "savedObjectVersion": 2
    }
  },
  {
    "_id": "0981e300-37a9-11eb-94f0-6b8146a227ad",
    "_type": "visualization",
    "_source": {
      "title": "Games with the highest Critic Score",
      "visState": "{\"title\":\"Games with the highest Critic Score\",\"type\":\"table\",\"params\":{\"perPage\":10,\"showPartialRows\":false,\"showMeticsAtAllLevels\":false,\"sort\":{\"columnIndex\":null,\"direction\":null},\"showTotal\":false,\"totalFunc\":\"sum\"},\"aggs\":[{\"id\":\"1\",\"enabled\":true,\"type\":\"max\",\"schema\":\"metric\",\"params\":{\"field\":\"Critic_Score\",\"customLabel\":\"Critic Score\"}},{\"id\":\"2\",\"enabled\":true,\"type\":\"terms\",\"schema\":\"bucket\",\"params\":{\"field\":\"Name.keyword\",\"otherBucket\":false,\"otherBucketLabel\":\"Other\",\"missingBucket\":false,\"missingBucketLabel\":\"Missing\",\"size\":15,\"order\":\"desc\",\"orderBy\":\"1\",\"customLabel\":\"Name\"}},{\"id\":\"4\",\"enabled\":true,\"type\":\"terms\",\"schema\":\"bucket\",\"params\":{\"field\":\"Platform.keyword\",\"otherBucket\":false,\"otherBucketLabel\":\"Other\",\"missingBucket\":false,\"missingBucketLabel\":\"Missing\",\"size\":15,\"order\":\"desc\",\"orderBy\":\"1\",\"customLabel\":\"Platform\"}},{\"id\":\"3\",\"enabled\":true,\"type\":\"terms\",\"schema\":\"bucket\",\"params\":{\"field\":\"User_Score\",\"otherBucket\":false,\"otherBucketLabel\":\"Other\",\"missingBucket\":false,\"missingBucketLabel\":\"Missing\",\"size\":15,\"order\":\"desc\",\"orderBy\":\"1\",\"customLabel\":\"User Score\"}}]}",
      "uiStateJSON": "{\"vis\":{\"params\":{\"sort\":{\"columnIndex\":3,\"direction\":null}}}}",
      "description": "",
      "version": 1,
      "kibanaSavedObjectMeta": {
        "searchSourceJSON": "{\"index\":\"5c0878e0-36e2-11eb-94f0-6b8146a227ad\",\"filter\":[],\"query\":{\"query\":\"\",\"language\":\"lucene\"}}"
      }
    },
    "_meta": {
      "savedObjectVersion": 2
    }
  },
  {
    "_id": "04f03b00-37ab-11eb-94f0-6b8146a227ad",
    "_type": "visualization",
    "_source": {
      "title": "Sum of EU Sales per year",
      "visState": "{\"title\":\"Sum of EU Sales per year\",\"type\":\"line\",\"params\":{\"type\":\"line\",\"grid\":{\"categoryLines\":false,\"style\":{\"color\":\"#eee\"}},\"categoryAxes\":[{\"id\":\"CategoryAxis-1\",\"type\":\"category\",\"position\":\"bottom\",\"show\":true,\"style\":{},\"scale\":{\"type\":\"linear\"},\"labels\":{\"show\":true,\"truncate\":100},\"title\":{}}],\"valueAxes\":[{\"id\":\"ValueAxis-1\",\"name\":\"LeftAxis-1\",\"type\":\"value\",\"position\":\"left\",\"show\":true,\"style\":{},\"scale\":{\"type\":\"linear\",\"mode\":\"normal\"},\"labels\":{\"show\":true,\"rotate\":0,\"filter\":false,\"truncate\":100},\"title\":{\"text\":\"Sum of EU Sales\"}}],\"seriesParams\":[{\"show\":\"true\",\"type\":\"line\",\"mode\":\"normal\",\"data\":{\"label\":\"Sum of EU Sales\",\"id\":\"1\"},\"valueAxis\":\"ValueAxis-1\",\"drawLinesBetweenPoints\":true,\"showCircles\":true}],\"addTooltip\":true,\"addLegend\":true,\"legendPosition\":\"right\",\"times\":[],\"addTimeMarker\":false},\"aggs\":[{\"id\":\"1\",\"enabled\":true,\"type\":\"sum\",\"schema\":\"metric\",\"params\":{\"field\":\"EU_Sales\",\"customLabel\":\"Sum of EU Sales\"}},{\"id\":\"2\",\"enabled\":true,\"type\":\"terms\",\"schema\":\"segment\",\"params\":{\"field\":\"Year_of_Release\",\"otherBucket\":false,\"otherBucketLabel\":\"Other\",\"missingBucket\":false,\"missingBucketLabel\":\"Missing\",\"exclude\":\"\",\"size\":38,\"order\":\"asc\",\"orderBy\":\"_term\",\"customLabel\":\"Year of Release\"}}]}",
      "uiStateJSON": "{}",
      "description": "",
      "version": 1,
      "kibanaSavedObjectMeta": {
        "searchSourceJSON": "{\"index\":\"5c0878e0-36e2-11eb-94f0-6b8146a227ad\",\"filter\":[],\"query\":{\"query\":\"\",\"language\":\"lucene\"}}"
      }
    },
    "_meta": {
      "savedObjectVersion": 2
    }
  },
  {
    "_id": "f5bc8150-37a7-11eb-94f0-6b8146a227ad",
    "_type": "visualization",
    "_source": {
      "title": "# of Published Games per Publisher",
      "visState": "{\"title\":\"# of Published Games per Publisher\",\"type\":\"pie\",\"params\":{\"type\":\"pie\",\"addTooltip\":true,\"addLegend\":true,\"legendPosition\":\"right\",\"isDonut\":true,\"labels\":{\"show\":false,\"values\":true,\"last_level\":true,\"truncate\":100}},\"aggs\":[{\"id\":\"1\",\"enabled\":true,\"type\":\"count\",\"schema\":\"metric\",\"params\":{}},{\"id\":\"2\",\"enabled\":true,\"type\":\"terms\",\"schema\":\"segment\",\"params\":{\"field\":\"Publisher.keyword\",\"otherBucket\":false,\"otherBucketLabel\":\"Other\",\"missingBucket\":false,\"missingBucketLabel\":\"Missing\",\"size\":20,\"order\":\"desc\",\"orderBy\":\"1\"}}]}",
      "uiStateJSON": "{}",
      "description": "",
      "version": 1,
      "kibanaSavedObjectMeta": {
        "searchSourceJSON": "{\"index\":\"5c0878e0-36e2-11eb-94f0-6b8146a227ad\",\"filter\":[],\"query\":{\"query\":\"\",\"language\":\"lucene\"}}"
      }
    },
    "_meta": {
      "savedObjectVersion": 2
    }
  },
  {
    "_id": "30b8f630-37ad-11eb-94f0-6b8146a227ad",
    "_type": "visualization",
    "_source": {
      "title": "Platform Sales per Year",
      "visState": "{\"title\":\"Platform Sales per Year\",\"type\":\"area\",\"params\":{\"addLegend\":true,\"addTimeMarker\":false,\"addTooltip\":true,\"categoryAxes\":[{\"id\":\"CategoryAxis-1\",\"labels\":{\"show\":true,\"truncate\":100},\"position\":\"bottom\",\"scale\":{\"type\":\"linear\"},\"show\":true,\"style\":{},\"title\":{},\"type\":\"category\"}],\"grid\":{\"categoryLines\":false,\"style\":{\"color\":\"#eee\"}},\"legendPosition\":\"right\",\"seriesParams\":[{\"data\":{\"id\":\"1\",\"label\":\"Sum of Platform Sales\"},\"drawLinesBetweenPoints\":true,\"interpolate\":\"linear\",\"mode\":\"stacked\",\"show\":\"true\",\"showCircles\":true,\"type\":\"area\",\"valueAxis\":\"ValueAxis-1\"}],\"times\":[],\"type\":\"area\",\"valueAxes\":[{\"id\":\"ValueAxis-1\",\"labels\":{\"filter\":false,\"rotate\":0,\"show\":true,\"truncate\":100},\"name\":\"LeftAxis-1\",\"position\":\"left\",\"scale\":{\"mode\":\"normal\",\"type\":\"linear\"},\"show\":true,\"style\":{},\"title\":{\"text\":\"Sum of Platform Sales\"},\"type\":\"value\"}]},\"aggs\":[{\"id\":\"1\",\"enabled\":true,\"type\":\"sum\",\"schema\":\"metric\",\"params\":{\"field\":\"Platform_Global_Sales\",\"customLabel\":\"Sum of Platform Sales\"}},{\"id\":\"2\",\"enabled\":true,\"type\":\"terms\",\"schema\":\"segment\",\"params\":{\"field\":\"Year_of_Release\",\"otherBucket\":false,\"otherBucketLabel\":\"Other\",\"missingBucket\":false,\"missingBucketLabel\":\"Missing\",\"size\":23,\"order\":\"asc\",\"orderBy\":\"_term\",\"customLabel\":\"Year\"}},{\"id\":\"3\",\"enabled\":true,\"type\":\"significant_terms\",\"schema\":\"group\",\"params\":{\"field\":\"Platform.keyword\",\"size\":3}}]}",
      "uiStateJSON": "{}",
      "description": "",
      "version": 1,
      "kibanaSavedObjectMeta": {
        "searchSourceJSON": "{\"index\":\"5c0878e0-36e2-11eb-94f0-6b8146a227ad\",\"filter\":[],\"query\":{\"query\":\"\",\"language\":\"lucene\"}}"
      }
    },
    "_meta": {
      "savedObjectVersion": 2
    }
  },
  {
    "_id": "2eb51310-37b1-11eb-94f0-6b8146a227ad",
    "_type": "visualization",
    "_source": {
      "title": "Global Platform Sales per Platform (2000 or older)",
      "visState": "{\"title\":\"Global Platform Sales per Platform (2000 or older)\",\"type\":\"pie\",\"params\":{\"type\":\"pie\",\"addTooltip\":true,\"addLegend\":true,\"legendPosition\":\"right\",\"isDonut\":true,\"labels\":{\"show\":true,\"values\":true,\"last_level\":true,\"truncate\":100}},\"aggs\":[{\"id\":\"1\",\"enabled\":true,\"type\":\"sum\",\"schema\":\"metric\",\"params\":{\"field\":\"Platform_Global_Sales\",\"customLabel\":\"\"}},{\"id\":\"2\",\"enabled\":true,\"type\":\"terms\",\"schema\":\"segment\",\"params\":{\"field\":\"Platform.keyword\",\"otherBucket\":false,\"otherBucketLabel\":\"Other\",\"missingBucket\":false,\"missingBucketLabel\":\"Missing\",\"size\":10,\"order\":\"desc\",\"orderBy\":\"1\",\"customLabel\":\"\"}}]}",
      "uiStateJSON": "{}",
      "description": "",
      "version": 1,
      "kibanaSavedObjectMeta": {
        "searchSourceJSON": "{\"index\":\"5c0878e0-36e2-11eb-94f0-6b8146a227ad\",\"filter\":[],\"query\":{\"query\":\"\",\"language\":\"lucene\"}}"
      }
    },
    "_meta": {
      "savedObjectVersion": 2
    }
  },
  {
    "_id": "9a237980-37b0-11eb-94f0-6b8146a227ad",
    "_type": "visualization",
    "_source": {
      "title": "User Score Median based on Platform and Genre",
      "visState": "{\"title\":\"User Score Median based on Platform and Genre\",\"type\":\"heatmap\",\"params\":{\"type\":\"heatmap\",\"addTooltip\":true,\"addLegend\":true,\"enableHover\":false,\"legendPosition\":\"right\",\"times\":[],\"colorsNumber\":10,\"colorSchema\":\"Yellow to Red\",\"setColorRange\":false,\"colorsRange\":[],\"invertColors\":false,\"percentageMode\":false,\"valueAxes\":[{\"show\":false,\"id\":\"ValueAxis-1\",\"type\":\"value\",\"scale\":{\"type\":\"linear\",\"defaultYExtents\":false},\"labels\":{\"show\":false,\"rotate\":0,\"color\":\"#555\"}}]},\"aggs\":[{\"id\":\"1\",\"enabled\":true,\"type\":\"median\",\"schema\":\"metric\",\"params\":{\"field\":\"User_Score\",\"percents\":[50],\"customLabel\":\"User Score Median\"}},{\"id\":\"2\",\"enabled\":true,\"type\":\"terms\",\"schema\":\"segment\",\"params\":{\"field\":\"Platform.keyword\",\"otherBucket\":false,\"otherBucketLabel\":\"Other\",\"missingBucket\":false,\"missingBucketLabel\":\"???\",\"size\":30,\"order\":\"desc\",\"orderBy\":\"_term\",\"customLabel\":\"Platform\"}},{\"id\":\"3\",\"enabled\":true,\"type\":\"terms\",\"schema\":\"group\",\"params\":{\"field\":\"Genre.keyword\",\"otherBucket\":false,\"otherBucketLabel\":\"Other\",\"missingBucket\":false,\"missingBucketLabel\":\"Missing\",\"exclude\":\"\\\"Genre\\\"\",\"size\":12,\"order\":\"desc\",\"orderBy\":\"_term\",\"customLabel\":\"Genre\"}}]}",
      "uiStateJSON": "{\"vis\":{\"defaultColors\":{\"0 - 1\":\"rgb(255,255,204)\",\"1 - 2\":\"rgb(255,241,170)\",\"2 - 3\":\"rgb(254,225,135)\",\"3 - 4\":\"rgb(254,201,101)\",\"4 - 5\":\"rgb(254,171,73)\",\"5 - 6\":\"rgb(253,141,60)\",\"6 - 7\":\"rgb(252,91,46)\",\"7 - 8\":\"rgb(237,47,34)\",\"8 - 9\":\"rgb(212,16,32)\",\"9 - 10\":\"rgb(176,0,38)\"},\"colors\":null,\"legendOpen\":true}}",
      "description": "",
      "version": 1,
      "kibanaSavedObjectMeta": {
        "searchSourceJSON": "{\"index\":\"5c0878e0-36e2-11eb-94f0-6b8146a227ad\",\"filter\":[],\"query\":{\"query\":\"\",\"language\":\"lucene\"}}"
      }
    },
    "_meta": {
      "savedObjectVersion": 2
    }
  },
  {
    "_id": "8bbdf740-36e7-11eb-94f0-6b8146a227ad",
    "_type": "visualization",
    "_source": {
      "title": "Max global sales",
      "visState": "{\"title\":\"Max global sales\",\"type\":\"metric\",\"params\":{\"addTooltip\":true,\"addLegend\":false,\"type\":\"metric\",\"metric\":{\"percentageMode\":false,\"useRanges\":false,\"colorSchema\":\"Green to Red\",\"metricColorMode\":\"None\",\"colorsRange\":[{\"from\":0,\"to\":10000}],\"labels\":{\"show\":true},\"invertColors\":false,\"style\":{\"bgFill\":\"#000\",\"bgColor\":false,\"labelColor\":false,\"subText\":\"\",\"fontSize\":60}}},\"aggs\":[{\"id\":\"1\",\"enabled\":true,\"type\":\"max\",\"schema\":\"metric\",\"params\":{\"field\":\"Global_Sales\",\"customLabel\":\"Most sales for a single game (in millions)\"}}]}",
      "uiStateJSON": "{}",
      "description": "",
      "version": 1,
      "kibanaSavedObjectMeta": {
        "searchSourceJSON": "{\"index\":\"5c0878e0-36e2-11eb-94f0-6b8146a227ad\",\"filter\":[],\"query\":{\"query\":\"\",\"language\":\"lucene\"}}"
      }
    },
    "_meta": {
      "savedObjectVersion": 2
    }
  }
]