<?xml version = '1.0' encoding = 'UTF-8'?>
<Entity class="oracle.dbtools.crest.model.design.logical.Entity" directorySegmentName="seg_0" id="0EA787F3-620F-8A29-6554-1E23F3ABFF40" name="CLEN_KAPELY">
<createdBy>mnrk</createdBy>
<createdTime>2019-03-28 10:17:42 UTC</createdTime>
<ownerDesignName>amc</ownerDesignName>
<engineerTo>
<item key="4D5926C0-73A0-2A1E-5CAE-02026ED3FC35" value="true"/>
</engineerTo>
<adequatelyNormalized>NO</adequatelyNormalized>
<expectedVolumes>0</expectedVolumes>
<fwdEngineeringStrategyName>Single Table</fwdEngineeringStrategyName>
<growthPercent>0</growthPercent>
<growthType>Year</growthType>
<maxVolumes>9999999</maxVolumes>
<minVolumes>0</minVolumes>
<normalForm>Third</normalForm>
<attributes itemClass="oracle.dbtools.crest.model.design.logical.Attribute">
<Attribute name="CLEN_KAPELY_ID" id="FFFD0371-7421-8220-973D-313C6F32FC73">
<createdBy>mnrk</createdBy>
<createdTime>2019-03-28 10:18:04 UTC</createdTime>
<ownerDesignName>amc</ownerDesignName>
<engineerTo>
<item key="4D5926C0-73A0-2A1E-5CAE-02026ED3FC35" value="true"/>
</engineerTo>
<useDomainConstraints>false</useDomainConstraints>
<use>1</use>
<logicalDatatype>LOGDT011</logicalDatatype>
<ownDataTypeParameters>,,</ownDataTypeParameters>
</Attribute>
<Attribute name="MENO" id="379C4F6F-DDA5-C043-C260-809571122112">
<createdBy>mnrk</createdBy>
<createdTime>2019-03-28 10:18:21 UTC</createdTime>
<ownerDesignName>amc</ownerDesignName>
<engineerTo>
<item key="4D5926C0-73A0-2A1E-5CAE-02026ED3FC35" value="true"/>
</engineerTo>
<useDomainConstraints>false</useDomainConstraints>
<use>1</use>
<logicalDatatype>LOGDT024</logicalDatatype>
<dataTypeSize>80 CHAR</dataTypeSize>
<ownDataTypeParameters>80 CHAR,,</ownDataTypeParameters>
</Attribute>
<Attribute name="MOBIL_CISLO" id="9C1E1D0E-8FB8-EAFF-3BDE-94B94AD4E195">
<createdBy>mnrk</createdBy>
<createdTime>2019-03-28 10:20:27 UTC</createdTime>
<ownerDesignName>amc</ownerDesignName>
<engineerTo>
<item key="4D5926C0-73A0-2A1E-5CAE-02026ED3FC35" value="true"/>
</engineerTo>
<useDomainConstraints>false</useDomainConstraints>
<use>1</use>
<logicalDatatype>LOGDT024</logicalDatatype>
<dataTypeSize>14 CHAR</dataTypeSize>
<ownDataTypeParameters>14 CHAR,,</ownDataTypeParameters>
</Attribute>
<Attribute name="EMAIL" id="A6FC20C1-49D2-54EF-27FA-E3E875A84861">
<createdBy>mnrk</createdBy>
<createdTime>2019-03-28 10:20:45 UTC</createdTime>
<ownerDesignName>amc</ownerDesignName>
<engineerTo>
<item key="4D5926C0-73A0-2A1E-5CAE-02026ED3FC35" value="true"/>
</engineerTo>
<useDomainConstraints>false</useDomainConstraints>
<use>1</use>
<logicalDatatype>LOGDT024</logicalDatatype>
<dataTypeSize>80 CHAR</dataTypeSize>
<ownDataTypeParameters>80 CHAR,,</ownDataTypeParameters>
</Attribute>
<Attribute name="ADRESA_ID" id="7EA11517-87D0-ABEB-7E63-601DA8F79C8D">
<createdBy>mnrk</createdBy>
<createdTime>2019-03-28 11:47:48 UTC</createdTime>
<generatorID>2A16B49A-1A5C-20D7-D8F9-ED8B954CFC2B</generatorID>
<ownerDesignName>amc</ownerDesignName>
<engineerTo>
<item key="4D5926C0-73A0-2A1E-5CAE-02026ED3FC35" value="true"/>
</engineerTo>
<referedAttribute>5C362318-1346-72E7-5923-3BE3C7587C7C</referedAttribute>
<useDomainConstraints>false</useDomainConstraints>
<use>1</use>
<logicalDatatype>LOGDT011</logicalDatatype>
<ownDataTypeParameters>,,</ownDataTypeParameters>
</Attribute>
</attributes>
<identifiers itemClass="oracle.dbtools.crest.model.design.logical.CandidateKey">
<identifier id="5B5132DD-A952-5E08-8119-FE9BC4799000" name="CLEN_KAPELY PK">
<createdBy>mnrk</createdBy>
<createdTime>2019-03-28 10:18:16 UTC</createdTime>
<ownerDesignName>amc</ownerDesignName>
<engineerTo>
<item key="4D5926C0-73A0-2A1E-5CAE-02026ED3FC35" value="true"/>
</engineerTo>
<pk>true</pk>
<usedAttributes>
<attributeRef>FFFD0371-7421-8220-973D-313C6F32FC73</attributeRef>
</usedAttributes>
</identifier>
</identifiers>
</Entity>