<?xml version = '1.0' encoding = 'UTF-8'?>
<Entity class="oracle.dbtools.crest.model.design.logical.Entity" directorySegmentName="seg_0" id="28C38900-CD05-91F2-B3A6-8299AFC1C5CB" name="HOD_MANAZER">
<createdBy>mnrk</createdBy>
<createdTime>2019-03-28 10:12:25 UTC</createdTime>
<ownerDesignName>amc</ownerDesignName>
<engineerTo>
<item key="4D5926C0-73A0-2A1E-5CAE-02026ED3FC35" value="true"/>
</engineerTo>
<adequatelyNormalized>NO</adequatelyNormalized>
<expectedVolumes>0</expectedVolumes>
<fwdEngineeringStrategyName>Single Table</fwdEngineeringStrategyName>
<growthPercent>0</growthPercent>
<growthType>Year</growthType>
<maxVolumes>9999999</maxVolumes>
<minVolumes>0</minVolumes>
<normalForm>Third</normalForm>
<attributes itemClass="oracle.dbtools.crest.model.design.logical.Attribute">
<Attribute name="HOD_MANAZER_ID" id="267DEE08-EFA2-0776-9E0B-ACAE1D1D4BE7">
<createdBy>mnrk</createdBy>
<createdTime>2019-03-28 10:12:32 UTC</createdTime>
<ownerDesignName>amc</ownerDesignName>
<engineerTo>
<item key="4D5926C0-73A0-2A1E-5CAE-02026ED3FC35" value="true"/>
</engineerTo>
<useDomainConstraints>false</useDomainConstraints>
<use>1</use>
<logicalDatatype>LOGDT011</logicalDatatype>
<ownDataTypeParameters>,,</ownDataTypeParameters>
</Attribute>
<Attribute name="MENO" id="BFA6D55C-C757-8315-2A72-2019FBBD3D8A">
<createdBy>mnrk</createdBy>
<createdTime>2019-03-28 10:13:31 UTC</createdTime>
<ownerDesignName>amc</ownerDesignName>
<engineerTo>
<item key="4D5926C0-73A0-2A1E-5CAE-02026ED3FC35" value="true"/>
</engineerTo>
<useDomainConstraints>false</useDomainConstraints>
<use>1</use>
<logicalDatatype>LOGDT024</logicalDatatype>
<dataTypeSize>80 CHAR</dataTypeSize>
<ownDataTypeParameters>80 CHAR,,</ownDataTypeParameters>
</Attribute>
<Attribute name="MOBIL_CISLO" id="765FEF87-2764-0A40-9EB7-CABAABBEED88">
<createdBy>mnrk</createdBy>
<createdTime>2019-03-28 10:15:21 UTC</createdTime>
<ownerDesignName>amc</ownerDesignName>
<engineerTo>
<item key="4D5926C0-73A0-2A1E-5CAE-02026ED3FC35" value="true"/>
</engineerTo>
<useDomainConstraints>false</useDomainConstraints>
<use>1</use>
<logicalDatatype>LOGDT024</logicalDatatype>
<dataTypeSize>14 CHAR</dataTypeSize>
<ownDataTypeParameters>14 CHAR,,</ownDataTypeParameters>
</Attribute>
<Attribute name="EMAIL" id="B379BC15-EDE5-5309-AA33-4581A462B282">
<createdBy>mnrk</createdBy>
<createdTime>2019-03-28 10:15:56 UTC</createdTime>
<ownerDesignName>amc</ownerDesignName>
<engineerTo>
<item key="4D5926C0-73A0-2A1E-5CAE-02026ED3FC35" value="true"/>
</engineerTo>
<useDomainConstraints>false</useDomainConstraints>
<use>1</use>
<logicalDatatype>LOGDT024</logicalDatatype>
<dataTypeSize>50 CHAR</dataTypeSize>
<ownDataTypeParameters>50 CHAR,,</ownDataTypeParameters>
</Attribute>
<Attribute name="OBLUBENY_ZANER" id="1F9479B2-9A94-C6DE-47EC-D94631B9C952">
<createdBy>mnrk</createdBy>
<createdTime>2019-03-28 10:14:04 UTC</createdTime>
<ownerDesignName>amc</ownerDesignName>
<engineerTo>
<item key="4D5926C0-73A0-2A1E-5CAE-02026ED3FC35" value="true"/>
</engineerTo>
<nullsAllowed>true</nullsAllowed>
<useDomainConstraints>false</useDomainConstraints>
<use>1</use>
<logicalDatatype>LOGDT024</logicalDatatype>
<dataTypeSize>40 CHAR</dataTypeSize>
<ownDataTypeParameters>40 CHAR,,</ownDataTypeParameters>
</Attribute>
<Attribute name="ADRESA_ID" id="2382F289-EEDF-EA22-94C3-BDFC8107E27B">
<createdBy>mnrk</createdBy>
<createdTime>2019-03-28 11:44:03 UTC</createdTime>
<generatorID>DA18B593-E0FD-E44A-AE46-B48F131FA1C2</generatorID>
<ownerDesignName>amc</ownerDesignName>
<engineerTo>
<item key="4D5926C0-73A0-2A1E-5CAE-02026ED3FC35" value="true"/>
</engineerTo>
<referedAttribute>5C362318-1346-72E7-5923-3BE3C7587C7C</referedAttribute>
<useDomainConstraints>false</useDomainConstraints>
<use>1</use>
<logicalDatatype>LOGDT011</logicalDatatype>
<ownDataTypeParameters>,,</ownDataTypeParameters>
</Attribute>
</attributes>
<identifiers itemClass="oracle.dbtools.crest.model.design.logical.CandidateKey">
<identifier id="333BE0BB-E164-2D5F-8BC5-17C47966A3A9" name="HOD_MANAZER PK">
<createdBy>mnrk</createdBy>
<createdTime>2019-03-28 10:12:58 UTC</createdTime>
<ownerDesignName>amc</ownerDesignName>
<engineerTo>
<item key="4D5926C0-73A0-2A1E-5CAE-02026ED3FC35" value="true"/>
</engineerTo>
<pk>true</pk>
<usedAttributes>
<attributeRef>267DEE08-EFA2-0776-9E0B-ACAE1D1D4BE7</attributeRef>
</usedAttributes>
</identifier>
</identifiers>
</Entity>