<?xml version = '1.0' encoding = 'UTF-8'?>
<Entity class="oracle.dbtools.crest.model.design.logical.Entity" directorySegmentName="seg_0" id="4027876F-D738-DDCC-7999-218B09B2786C" name="DIVADLO">
<createdBy>mnrk</createdBy>
<createdTime>2019-03-28 10:02:08 UTC</createdTime>
<ownerDesignName>amc</ownerDesignName>
<engineerTo>
<item key="4D5926C0-73A0-2A1E-5CAE-02026ED3FC35" value="true"/>
</engineerTo>
<adequatelyNormalized>NO</adequatelyNormalized>
<expectedVolumes>0</expectedVolumes>
<fwdEngineeringStrategyName>Single Table</fwdEngineeringStrategyName>
<growthPercent>0</growthPercent>
<growthType>Year</growthType>
<maxVolumes>9999999</maxVolumes>
<minVolumes>0</minVolumes>
<normalForm>Third</normalForm>
<attributes itemClass="oracle.dbtools.crest.model.design.logical.Attribute">
<Attribute name="NAZOV_PREDSTAVENIA" id="2357639F-385E-7184-FB43-24773FFE42AF">
<createdBy>mnrk</createdBy>
<createdTime>2019-03-28 10:02:30 UTC</createdTime>
<ownerDesignName>amc</ownerDesignName>
<engineerTo>
<item key="4D5926C0-73A0-2A1E-5CAE-02026ED3FC35" value="true"/>
</engineerTo>
<useDomainConstraints>false</useDomainConstraints>
<use>1</use>
<logicalDatatype>LOGDT024</logicalDatatype>
<dataTypeSize>80 CHAR</dataTypeSize>
<ownDataTypeParameters>80 CHAR,,</ownDataTypeParameters>
</Attribute>
<Attribute name="CENA_VSTUPENKY" id="7DD99AB0-E72E-4C08-1181-C97AFB2B1B1A">
<createdBy>mnrk</createdBy>
<createdTime>2019-03-28 10:02:56 UTC</createdTime>
<ownerDesignName>amc</ownerDesignName>
<engineerTo>
<item key="4D5926C0-73A0-2A1E-5CAE-02026ED3FC35" value="true"/>
</engineerTo>
<useDomainConstraints>false</useDomainConstraints>
<use>1</use>
<logicalDatatype>LOGDT011</logicalDatatype>
<ownDataTypeParameters>,,</ownDataTypeParameters>
</Attribute>
<Attribute name="EVENT_ID" id="77A8FD30-58BC-8820-A87C-9CE256B9FC11">
<createdBy>mnrk</createdBy>
<createdTime>2019-03-28 10:03:27 UTC</createdTime>
<generatorID>E584D5E3-108B-845D-97C7-00338270578A</generatorID>
<ownerDesignName>amc</ownerDesignName>
<engineerTo>
<item key="4D5926C0-73A0-2A1E-5CAE-02026ED3FC35" value="true"/>
</engineerTo>
<referedAttribute>D74DA2F7-EC83-CE67-1B29-34A3F4E5FEA7</referedAttribute>
<useDomainConstraints>false</useDomainConstraints>
<use>1</use>
<logicalDatatype>LOGDT011</logicalDatatype>
<ownDataTypeParameters>,,</ownDataTypeParameters>
</Attribute>
</attributes>
<identifiers itemClass="oracle.dbtools.crest.model.design.logical.CandidateKey">
<identifier id="2231B9B8-B1BE-EE33-D1C2-EDAC4EDB8C51" name="DIVADLO PK">
<createdBy>mnrk</createdBy>
<createdTime>2019-03-28 10:03:33 UTC</createdTime>
<ownerDesignName>amc</ownerDesignName>
<engineerTo>
<item key="4D5926C0-73A0-2A1E-5CAE-02026ED3FC35" value="true"/>
</engineerTo>
<pk>true</pk>
<usedAttributes>
<attributeRef>77A8FD30-58BC-8820-A87C-9CE256B9FC11</attributeRef>
</usedAttributes>
</identifier>
</identifiers>
</Entity>