<?xml version = '1.0' encoding = 'UTF-8'?>
<Entity class="oracle.dbtools.crest.model.design.logical.Entity" directorySegmentName="seg_0" id="7AAD90ED-5516-8E28-4320-45553355F0A3" name="HOTEL">
<createdBy>mnrk</createdBy>
<createdTime>2019-03-28 12:47:29 UTC</createdTime>
<ownerDesignName>amc</ownerDesignName>
<engineerTo>
<item key="4D5926C0-73A0-2A1E-5CAE-02026ED3FC35" value="true"/>
</engineerTo>
<adequatelyNormalized>NO</adequatelyNormalized>
<expectedVolumes>0</expectedVolumes>
<fwdEngineeringStrategyName>Single Table</fwdEngineeringStrategyName>
<growthPercent>0</growthPercent>
<growthType>Year</growthType>
<maxVolumes>9999999</maxVolumes>
<minVolumes>0</minVolumes>
<normalForm>Third</normalForm>
<attributes itemClass="oracle.dbtools.crest.model.design.logical.Attribute">
<Attribute name="HOTEL_ID" id="98E75E5A-1948-50EF-51D7-CA8D92544BFB">
<createdBy>mnrk</createdBy>
<createdTime>2019-03-28 12:47:35 UTC</createdTime>
<ownerDesignName>amc</ownerDesignName>
<engineerTo>
<item key="4D5926C0-73A0-2A1E-5CAE-02026ED3FC35" value="true"/>
</engineerTo>
<useDomainConstraints>false</useDomainConstraints>
<use>1</use>
<logicalDatatype>LOGDT011</logicalDatatype>
<ownDataTypeParameters>,,</ownDataTypeParameters>
</Attribute>
<Attribute name="NAZOV" id="A403F3FE-2E25-DE13-1B27-5F01397E2197">
<createdBy>mnrk</createdBy>
<createdTime>2019-03-28 12:49:17 UTC</createdTime>
<ownerDesignName>amc</ownerDesignName>
<engineerTo>
<item key="4D5926C0-73A0-2A1E-5CAE-02026ED3FC35" value="true"/>
</engineerTo>
<useDomainConstraints>false</useDomainConstraints>
<use>1</use>
<logicalDatatype>LOGDT024</logicalDatatype>
<dataTypeSize>60 CHAR</dataTypeSize>
<ownDataTypeParameters>60 CHAR,,</ownDataTypeParameters>
</Attribute>
<Attribute name="CENA_ZA_NOC" id="7E419551-EF55-F96A-C3A9-0F1921D99205">
<createdBy>mnrk</createdBy>
<createdTime>2019-03-28 12:56:45 UTC</createdTime>
<ownerDesignName>amc</ownerDesignName>
<engineerTo>
<item key="4D5926C0-73A0-2A1E-5CAE-02026ED3FC35" value="true"/>
</engineerTo>
<useDomainConstraints>false</useDomainConstraints>
<use>1</use>
<logicalDatatype>LOGDT011</logicalDatatype>
<ownDataTypeParameters>,,</ownDataTypeParameters>
</Attribute>
<Attribute name="ADRESA_ID" id="9CB1F038-E645-A5A7-C216-E2B6403A70E2">
<createdBy>mnrk</createdBy>
<createdTime>2019-03-28 13:15:06 UTC</createdTime>
<generatorID>B390FFCF-8663-82E1-D0EE-B133E551B875</generatorID>
<ownerDesignName>amc</ownerDesignName>
<engineerTo>
<item key="4D5926C0-73A0-2A1E-5CAE-02026ED3FC35" value="true"/>
</engineerTo>
<referedAttribute>5C362318-1346-72E7-5923-3BE3C7587C7C</referedAttribute>
<useDomainConstraints>false</useDomainConstraints>
<use>1</use>
<logicalDatatype>LOGDT011</logicalDatatype>
<ownDataTypeParameters>,,</ownDataTypeParameters>
</Attribute>
</attributes>
<identifiers itemClass="oracle.dbtools.crest.model.design.logical.CandidateKey">
<identifier id="FC83284C-C62F-5B27-5BD7-10A83AF6B93F" name="HOTEL PK">
<createdBy>mnrk</createdBy>
<createdTime>2019-03-28 12:49:15 UTC</createdTime>
<ownerDesignName>amc</ownerDesignName>
<engineerTo>
<item key="4D5926C0-73A0-2A1E-5CAE-02026ED3FC35" value="true"/>
</engineerTo>
<pk>true</pk>
<usedAttributes>
<attributeRef>98E75E5A-1948-50EF-51D7-CA8D92544BFB</attributeRef>
</usedAttributes>
</identifier>
</identifiers>
</Entity>