<?xml version = '1.0' encoding = 'UTF-8'?>
<Entity class="oracle.dbtools.crest.model.design.logical.Entity" directorySegmentName="seg_0" id="8375CAF9-620C-A742-D0CE-18DF83D0EC17" name="OBJEDNAVKA">
<createdBy>mnrk</createdBy>
<createdTime>2019-03-28 10:05:49 UTC</createdTime>
<ownerDesignName>amc</ownerDesignName>
<engineerTo>
<item key="4D5926C0-73A0-2A1E-5CAE-02026ED3FC35" value="true"/>
</engineerTo>
<adequatelyNormalized>NO</adequatelyNormalized>
<expectedVolumes>0</expectedVolumes>
<fwdEngineeringStrategyName>Single Table</fwdEngineeringStrategyName>
<growthPercent>0</growthPercent>
<growthType>Year</growthType>
<maxVolumes>9999999</maxVolumes>
<minVolumes>0</minVolumes>
<normalForm>Third</normalForm>
<attributes itemClass="oracle.dbtools.crest.model.design.logical.Attribute">
<Attribute name="OBJEDNAVKA_ID" id="6F9D0812-6C47-AC4C-5CAA-9F623906A374">
<createdBy>mnrk</createdBy>
<createdTime>2019-03-28 10:05:55 UTC</createdTime>
<ownerDesignName>amc</ownerDesignName>
<engineerTo>
<item key="4D5926C0-73A0-2A1E-5CAE-02026ED3FC35" value="true"/>
</engineerTo>
<useDomainConstraints>false</useDomainConstraints>
<use>1</use>
<logicalDatatype>LOGDT011</logicalDatatype>
<ownDataTypeParameters>,,</ownDataTypeParameters>
</Attribute>
<Attribute name="DATUM" id="6BEE5004-CB6D-ADAA-6CAA-5C8FAC2BCF33">
<createdBy>mnrk</createdBy>
<createdTime>2019-03-28 10:06:13 UTC</createdTime>
<ownerDesignName>amc</ownerDesignName>
<engineerTo>
<item key="4D5926C0-73A0-2A1E-5CAE-02026ED3FC35" value="true"/>
</engineerTo>
<useDomainConstraints>false</useDomainConstraints>
<use>1</use>
<logicalDatatype>LOGDT007</logicalDatatype>
<ownDataTypeParameters>,,</ownDataTypeParameters>
</Attribute>
<Attribute name="CENA" id="D81FFE67-75BA-F72F-CC91-89A914642446">
<createdBy>mnrk</createdBy>
<createdTime>2019-03-28 10:07:10 UTC</createdTime>
<ownerDesignName>amc</ownerDesignName>
<engineerTo>
<item key="4D5926C0-73A0-2A1E-5CAE-02026ED3FC35" value="true"/>
</engineerTo>
<useDomainConstraints>false</useDomainConstraints>
<use>1</use>
<logicalDatatype>LOGDT011</logicalDatatype>
<ownDataTypeParameters>,,</ownDataTypeParameters>
</Attribute>
<Attribute name="HOD_MANAZER_ID" id="6E6670CE-9A80-4C6E-D92D-DFD9FE4ED43E">
<createdBy>mnrk</createdBy>
<createdTime>2019-03-28 10:17:07 UTC</createdTime>
<generatorID>DF48D95B-7DC1-EAD6-2EA5-E6100C209C68</generatorID>
<ownerDesignName>amc</ownerDesignName>
<engineerTo>
<item key="4D5926C0-73A0-2A1E-5CAE-02026ED3FC35" value="true"/>
</engineerTo>
<referedAttribute>267DEE08-EFA2-0776-9E0B-ACAE1D1D4BE7</referedAttribute>
<useDomainConstraints>false</useDomainConstraints>
<use>1</use>
<logicalDatatype>LOGDT011</logicalDatatype>
<ownDataTypeParameters>,,</ownDataTypeParameters>
</Attribute>
<Attribute name="EVENT_ID" id="73A11515-DBA8-D6C4-09AD-C3073F7D9F3B">
<createdBy>mnrk</createdBy>
<createdTime>2019-03-28 10:42:06 UTC</createdTime>
<generatorID>6961C16A-5B7C-3B28-E571-7468F7B0C245</generatorID>
<ownerDesignName>amc</ownerDesignName>
<engineerTo>
<item key="4D5926C0-73A0-2A1E-5CAE-02026ED3FC35" value="true"/>
</engineerTo>
<referedAttribute>B9A62A2C-CEBC-F92C-13AE-F9E37BE2FF99</referedAttribute>
<useDomainConstraints>false</useDomainConstraints>
<use>1</use>
<logicalDatatype>LOGDT011</logicalDatatype>
<ownDataTypeParameters>,,</ownDataTypeParameters>
</Attribute>
<Attribute name="CLEN_KAPELY_ID" id="DED0318A-B792-E122-AA3C-B45EC566F1D4">
<createdBy>mnrk</createdBy>
<createdTime>2019-03-28 11:42:13 UTC</createdTime>
<generatorID>A6C9F221-48FC-D06D-BF2E-704959F9E7F4</generatorID>
<ownerDesignName>amc</ownerDesignName>
<engineerTo>
<item key="4D5926C0-73A0-2A1E-5CAE-02026ED3FC35" value="true"/>
</engineerTo>
<referedAttribute>FFFD0371-7421-8220-973D-313C6F32FC73</referedAttribute>
<useDomainConstraints>false</useDomainConstraints>
<use>1</use>
<logicalDatatype>LOGDT011</logicalDatatype>
<ownDataTypeParameters>,,</ownDataTypeParameters>
</Attribute>
</attributes>
<identifiers itemClass="oracle.dbtools.crest.model.design.logical.CandidateKey">
<identifier id="36E421FB-B21A-3106-C59D-FEAF450D7C6D" name="OBJEDNAVKA PK">
<createdBy>mnrk</createdBy>
<createdTime>2019-03-28 10:06:09 UTC</createdTime>
<ownerDesignName>amc</ownerDesignName>
<engineerTo>
<item key="4D5926C0-73A0-2A1E-5CAE-02026ED3FC35" value="true"/>
</engineerTo>
<pk>true</pk>
<usedAttributes>
<attributeRef>6F9D0812-6C47-AC4C-5CAA-9F623906A374</attributeRef>
</usedAttributes>
</identifier>
</identifiers>
</Entity>