<?xml version = '1.0' encoding = 'UTF-8'?>
<Entity class="oracle.dbtools.crest.model.design.logical.Entity" directorySegmentName="seg_0" id="94540E10-59B7-11C5-27B8-2754FD992DA7" name="KONCERT">
<createdBy>mnrk</createdBy>
<createdTime>2019-03-27 23:11:17 UTC</createdTime>
<ownerDesignName>amc</ownerDesignName>
<engineerTo>
<item key="4D5926C0-73A0-2A1E-5CAE-02026ED3FC35" value="true"/>
</engineerTo>
<adequatelyNormalized>NO</adequatelyNormalized>
<expectedVolumes>0</expectedVolumes>
<fwdEngineeringStrategyName>Single Table</fwdEngineeringStrategyName>
<growthPercent>0</growthPercent>
<growthType>Year</growthType>
<maxVolumes>9999999</maxVolumes>
<minVolumes>0</minVolumes>
<normalForm>Third</normalForm>
<attributes itemClass="oracle.dbtools.crest.model.design.logical.Attribute">
<Attribute name="POCET_KAPIEL" id="D528100A-3569-895A-96B3-282BE0DFF7DE">
<createdBy>mnrk</createdBy>
<createdTime>2019-03-27 23:11:44 UTC</createdTime>
<ownerDesignName>amc</ownerDesignName>
<engineerTo>
<item key="4D5926C0-73A0-2A1E-5CAE-02026ED3FC35" value="true"/>
</engineerTo>
<useDomainConstraints>false</useDomainConstraints>
<use>1</use>
<logicalDatatype>LOGDT011</logicalDatatype>
<ownDataTypeParameters>,,</ownDataTypeParameters>
</Attribute>
<Attribute name="CENA_VSTUPENKY" id="98B22579-75A2-3E52-D9CC-7B084AB9EB4C">
<createdBy>mnrk</createdBy>
<createdTime>2019-03-27 23:13:47 UTC</createdTime>
<ownerDesignName>amc</ownerDesignName>
<engineerTo>
<item key="4D5926C0-73A0-2A1E-5CAE-02026ED3FC35" value="true"/>
</engineerTo>
<useDomainConstraints>false</useDomainConstraints>
<use>1</use>
<logicalDatatype>LOGDT011</logicalDatatype>
<ownDataTypeParameters>,,</ownDataTypeParameters>
</Attribute>
<Attribute name="EVENT_ID" id="B9A62A2C-CEBC-F92C-13AE-F9E37BE2FF99">
<createdBy>mnrk</createdBy>
<createdTime>2019-03-27 23:17:18 UTC</createdTime>
<generatorID>BBDD3D54-6AEB-4ECE-F919-DEA91D5904ED</generatorID>
<ownerDesignName>amc</ownerDesignName>
<engineerTo>
<item key="4D5926C0-73A0-2A1E-5CAE-02026ED3FC35" value="true"/>
</engineerTo>
<referedAttribute>D74DA2F7-EC83-CE67-1B29-34A3F4E5FEA7</referedAttribute>
<useDomainConstraints>false</useDomainConstraints>
<use>1</use>
<logicalDatatype>LOGDT011</logicalDatatype>
<ownDataTypeParameters>,,</ownDataTypeParameters>
</Attribute>
</attributes>
<identifiers itemClass="oracle.dbtools.crest.model.design.logical.CandidateKey">
<identifier id="2303D018-E4F6-F688-93CD-342785753856" name="KONCERT PK">
<createdBy>mnrk</createdBy>
<createdTime>2019-03-27 23:24:59 UTC</createdTime>
<ownerDesignName>amc</ownerDesignName>
<engineerTo>
<item key="4D5926C0-73A0-2A1E-5CAE-02026ED3FC35" value="true"/>
</engineerTo>
<pk>true</pk>
<usedAttributes>
<attributeRef>B9A62A2C-CEBC-F92C-13AE-F9E37BE2FF99</attributeRef>
</usedAttributes>
</identifier>
</identifiers>
</Entity>