<?xml version = '1.0' encoding = 'UTF-8'?>
<Entity class="oracle.dbtools.crest.model.design.logical.Entity" directorySegmentName="seg_0" id="D3E5EF89-4660-CB5A-6426-BCB84AA05D3D" name="TEDX">
<createdBy>mnrk</createdBy>
<createdTime>2019-03-27 23:25:14 UTC</createdTime>
<ownerDesignName>amc</ownerDesignName>
<engineerTo>
<item key="4D5926C0-73A0-2A1E-5CAE-02026ED3FC35" value="true"/>
</engineerTo>
<adequatelyNormalized>NO</adequatelyNormalized>
<expectedVolumes>0</expectedVolumes>
<fwdEngineeringStrategyName>Single Table</fwdEngineeringStrategyName>
<growthPercent>0</growthPercent>
<growthType>Year</growthType>
<maxVolumes>9999999</maxVolumes>
<minVolumes>0</minVolumes>
<normalForm>Third</normalForm>
<attributes itemClass="oracle.dbtools.crest.model.design.logical.Attribute">
<Attribute name="EVENT_ID" id="BBFC9266-833A-A77B-C8A0-505A77DCC004">
<createdBy>mnrk</createdBy>
<createdTime>2019-03-27 23:25:34 UTC</createdTime>
<generatorID>2A56D44E-3F88-AF92-4725-60D2109BC299</generatorID>
<ownerDesignName>amc</ownerDesignName>
<engineerTo>
<item key="4D5926C0-73A0-2A1E-5CAE-02026ED3FC35" value="true"/>
</engineerTo>
<referedAttribute>D74DA2F7-EC83-CE67-1B29-34A3F4E5FEA7</referedAttribute>
<useDomainConstraints>false</useDomainConstraints>
<use>1</use>
<logicalDatatype>LOGDT011</logicalDatatype>
<ownDataTypeParameters>,,</ownDataTypeParameters>
</Attribute>
<Attribute name="TEDTALKER" id="2983F985-6401-3B85-3859-7188D5663F95">
<createdBy>mnrk</createdBy>
<createdTime>2019-03-28 10:00:39 UTC</createdTime>
<ownerDesignName>amc</ownerDesignName>
<engineerTo>
<item key="4D5926C0-73A0-2A1E-5CAE-02026ED3FC35" value="true"/>
</engineerTo>
<useDomainConstraints>false</useDomainConstraints>
<use>1</use>
<logicalDatatype>LOGDT024</logicalDatatype>
<dataTypeSize>80 CHAR</dataTypeSize>
<ownDataTypeParameters>80 CHAR,,</ownDataTypeParameters>
</Attribute>
<Attribute name="CENA_VSTUPENKY" id="FD356A05-8AED-9AE3-7FE2-403714EDD5C6">
<createdBy>mnrk</createdBy>
<createdTime>2019-03-28 10:01:22 UTC</createdTime>
<ownerDesignName>amc</ownerDesignName>
<engineerTo>
<item key="4D5926C0-73A0-2A1E-5CAE-02026ED3FC35" value="true"/>
</engineerTo>
<useDomainConstraints>false</useDomainConstraints>
<use>1</use>
<logicalDatatype>LOGDT011</logicalDatatype>
<ownDataTypeParameters>,,</ownDataTypeParameters>
</Attribute>
</attributes>
<identifiers itemClass="oracle.dbtools.crest.model.design.logical.CandidateKey">
<identifier id="DE503843-D1FD-1BDB-1AB8-A58269BFBE96" name="TEDX PK">
<createdBy>mnrk</createdBy>
<createdTime>2019-03-27 23:25:45 UTC</createdTime>
<ownerDesignName>amc</ownerDesignName>
<engineerTo>
<item key="4D5926C0-73A0-2A1E-5CAE-02026ED3FC35" value="true"/>
</engineerTo>
<pk>true</pk>
<usedAttributes>
<attributeRef>BBFC9266-833A-A77B-C8A0-505A77DCC004</attributeRef>
</usedAttributes>
</identifier>
</identifiers>
</Entity>