<?xml version = '1.0' encoding = 'UTF-8'?>
<Arc class="oracle.dbtools.crest.model.design.logical.Arc" directorySegmentName="seg_0" id="C6185AA0-C29C-939C-73DD-FE86A0B27C7D" name="Arc_1">
<createdBy>mnrk</createdBy>
<createdTime>2019-03-28 14:17:19 UTC</createdTime>
<ownerDesignName>amc</ownerDesignName>
<engineerTo>
<item key="4D5926C0-73A0-2A1E-5CAE-02026ED3FC35" value="true"/>
</engineerTo>
<entity>9518589C-33FF-D3B2-1A62-77C5C7F18798</entity>
<relations>
<relationID>2A56D44E-3F88-AF92-4725-60D2109BC299</relationID>
<relationID>BBDD3D54-6AEB-4ECE-F919-DEA91D5904ED</relationID>
<relationID>E584D5E3-108B-845D-97C7-00338270578A</relationID>
</relations>
</Arc>