<?xml version = '1.0' encoding = 'UTF-8'?>
<Relation class="oracle.dbtools.crest.model.design.logical.Relation" name="clen_kapely_byva_na" directorySegmentName="seg_0" id="2A16B49A-1A5C-20D7-D8F9-ED8B954CFC2B">
<createdBy>mnrk</createdBy>
<createdTime>2019-03-28 11:47:48 UTC</createdTime>
<ownerDesignName>amc</ownerDesignName>
<engineerTo>
<item key="4D5926C0-73A0-2A1E-5CAE-02026ED3FC35" value="true"/>
</engineerTo>
<sourcePk>242D6442-F169-CDF6-846F-F33B7C0A1078</sourcePk>
<identifying>false</identifying>
<nameOnTarget>byva na</nameOnTarget>
<optionalSource>true</optionalSource>
<optionalTarget>false</optionalTarget>
<sourceCardinality>1</sourceCardinality>
<sourceEntity>4CD06EFD-07A9-27D9-0014-A74E42A1B0EE</sourceEntity>
<targetCardinalityString>*</targetCardinalityString>
<targetEntity>0EA787F3-620F-8A29-6554-1E23F3ABFF40</targetEntity>
<transferable>true</transferable>
<deleteRule>NO ACTION</deleteRule>
</Relation>