<?xml version = '1.0' encoding = 'UTF-8'?>
<Relation class="oracle.dbtools.crest.model.design.logical.Relation" name="moze_byt_t" directorySegmentName="seg_0" id="2A56D44E-3F88-AF92-4725-60D2109BC299">
<createdBy>mnrk</createdBy>
<createdTime>2019-03-27 23:25:34 UTC</createdTime>
<ownerDesignName>amc</ownerDesignName>
<engineerTo>
<item key="4D5926C0-73A0-2A1E-5CAE-02026ED3FC35" value="true"/>
</engineerTo>
<sourcePk>5678B582-A2E8-1091-F3A1-3E27420CE94F</sourcePk>
<arc>C6185AA0-C29C-939C-73DD-FE86A0B27C7D</arc>
<identifying>true</identifying>
<nameOnSource>moze_byt</nameOnSource>
<optionalSource>true</optionalSource>
<optionalTarget>false</optionalTarget>
<sourceCardinality>1</sourceCardinality>
<sourceEntity>9518589C-33FF-D3B2-1A62-77C5C7F18798</sourceEntity>
<targetCardinalityString>1</targetCardinalityString>
<targetEntity>D3E5EF89-4660-CB5A-6426-BCB84AA05D3D</targetEntity>
<transferable>true</transferable>
<deleteRule>NO ACTION</deleteRule>
</Relation>