<?xml version = '1.0' encoding = 'UTF-8'?>
<Relation class="oracle.dbtools.crest.model.design.logical.Relation" name="kapela_hotel" directorySegmentName="seg_0" id="49CB5873-D4F6-8DA3-03B0-93F638AFE696">
<createdBy>mnrk</createdBy>
<createdTime>2019-03-28 13:07:34 UTC</createdTime>
<ownerDesignName>amc</ownerDesignName>
<engineerTo>
<item key="4D5926C0-73A0-2A1E-5CAE-02026ED3FC35" value="true"/>
</engineerTo>
<identifying>false</identifying>
<nameOnSource>je ubytovana v</nameOnSource>
<nameOnTarget>ubytovava</nameOnTarget>
<optionalSource>false</optionalSource>
<optionalTarget>true</optionalTarget>
<sourceCardinality>*</sourceCardinality>
<sourceEntity>2A4D1026-EE69-C287-4B52-BDB03D44CE43</sourceEntity>
<targetCardinalityString>*</targetCardinalityString>
<targetEntity>7AAD90ED-5516-8E28-4320-45553355F0A3</targetEntity>
<transferable>true</transferable>
<deleteRule>NO ACTION</deleteRule>
</Relation>