<?xml version = '1.0' encoding = 'UTF-8'?>
<Relation class="oracle.dbtools.crest.model.design.logical.Relation" name="koncert_objednavka" directorySegmentName="seg_0" id="6961C16A-5B7C-3B28-E571-7468F7B0C245">
<createdBy>mnrk</createdBy>
<createdTime>2019-03-28 10:08:32 UTC</createdTime>
<ownerDesignName>amc</ownerDesignName>
<engineerTo>
<item key="4D5926C0-73A0-2A1E-5CAE-02026ED3FC35" value="true"/>
</engineerTo>
<sourcePk>36E421FB-B21A-3106-C59D-FEAF450D7C6D</sourcePk>
<targetPk>2303D018-E4F6-F688-93CD-342785753856</targetPk>
<identifying>false</identifying>
<nameOnSource>na</nameOnSource>
<nameOnTarget>ma</nameOnTarget>
<optionalSource>false</optionalSource>
<optionalTarget>true</optionalTarget>
<sourceCardinality>1</sourceCardinality>
<sourceEntity>8375CAF9-620C-A742-D0CE-18DF83D0EC17</sourceEntity>
<targetCardinalityString>1</targetCardinalityString>
<targetEntity>94540E10-59B7-11C5-27B8-2754FD992DA7</targetEntity>
<transferable>true</transferable>
<deleteRule>NO ACTION</deleteRule>
</Relation>