<?xml version = '1.0' encoding = 'UTF-8'?>
<Relation class="oracle.dbtools.crest.model.design.logical.Relation" name="podava" directorySegmentName="seg_0" id="A6C9F221-48FC-D06D-BF2E-704959F9E7F4">
<createdBy>mnrk</createdBy>
<createdTime>2019-03-28 11:42:13 UTC</createdTime>
<ownerDesignName>amc</ownerDesignName>
<engineerTo>
<item key="4D5926C0-73A0-2A1E-5CAE-02026ED3FC35" value="true"/>
</engineerTo>
<sourcePk>5B5132DD-A952-5E08-8119-FE9BC4799000</sourcePk>
<identifying>false</identifying>
<nameOnSource>podava</nameOnSource>
<optionalSource>true</optionalSource>
<optionalTarget>false</optionalTarget>
<sourceCardinality>1</sourceCardinality>
<sourceEntity>0EA787F3-620F-8A29-6554-1E23F3ABFF40</sourceEntity>
<targetCardinalityString>*</targetCardinalityString>
<targetEntity>8375CAF9-620C-A742-D0CE-18DF83D0EC17</targetEntity>
<transferable>true</transferable>
<deleteRule>NO ACTION</deleteRule>
</Relation>