<?xml version = '1.0' encoding = 'UTF-8'?>
<Relation class="oracle.dbtools.crest.model.design.logical.Relation" name="hotel_adresa" directorySegmentName="seg_0" id="B390FFCF-8663-82E1-D0EE-B133E551B875">
<createdBy>mnrk</createdBy>
<createdTime>2019-03-28 13:15:06 UTC</createdTime>
<ownerDesignName>amc</ownerDesignName>
<engineerTo>
<item key="4D5926C0-73A0-2A1E-5CAE-02026ED3FC35" value="true"/>
</engineerTo>
<sourcePk>242D6442-F169-CDF6-846F-F33B7C0A1078</sourcePk>
<identifying>false</identifying>
<nameOnTarget>sidli na</nameOnTarget>
<optionalSource>true</optionalSource>
<optionalTarget>false</optionalTarget>
<sourceCardinality>1</sourceCardinality>
<sourceEntity>4CD06EFD-07A9-27D9-0014-A74E42A1B0EE</sourceEntity>
<targetCardinalityString>*</targetCardinalityString>
<targetEntity>7AAD90ED-5516-8E28-4320-45553355F0A3</targetEntity>
<transferable>true</transferable>
<deleteRule>NO ACTION</deleteRule>
</Relation>