<?xml version = '1.0' encoding = 'UTF-8'?>
<Relation class="oracle.dbtools.crest.model.design.logical.Relation" name="moze_byt_k" directorySegmentName="seg_0" id="BBDD3D54-6AEB-4ECE-F919-DEA91D5904ED">
<createdBy>mnrk</createdBy>
<createdTime>2019-03-27 23:17:18 UTC</createdTime>
<ownerDesignName>amc</ownerDesignName>
<engineerTo>
<item key="4D5926C0-73A0-2A1E-5CAE-02026ED3FC35" value="true"/>
</engineerTo>
<sourcePk>5678B582-A2E8-1091-F3A1-3E27420CE94F</sourcePk>
<identifying>true</identifying>
<nameOnSource>moze_byt</nameOnSource>
<optionalSource>true</optionalSource>
<optionalTarget>false</optionalTarget>
<sourceCardinality>1</sourceCardinality>
<sourceEntity>9518589C-33FF-D3B2-1A62-77C5C7F18798</sourceEntity>
<targetCardinalityString>1</targetCardinalityString>
<targetEntity>94540E10-59B7-11C5-27B8-2754FD992DA7</targetEntity>
<transferable>true</transferable>
<deleteRule>NO ACTION</deleteRule>
</Relation>