<?xml version = '1.0' encoding = 'UTF-8'?>
<Relation class="oracle.dbtools.crest.model.design.logical.Relation" name="clen_kapely_hraje" directorySegmentName="seg_0" id="C2A76FA6-9A3F-118F-16FD-5CA74B9B240D">
<createdBy>mnrk</createdBy>
<createdTime>2019-03-28 11:50:16 UTC</createdTime>
<ownerDesignName>amc</ownerDesignName>
<engineerTo>
<item key="4D5926C0-73A0-2A1E-5CAE-02026ED3FC35" value="true"/>
</engineerTo>
<identifying>false</identifying>
<nameOnSource>ma</nameOnSource>
<nameOnTarget>hra v</nameOnTarget>
<optionalSource>true</optionalSource>
<optionalTarget>false</optionalTarget>
<sourceCardinality>*</sourceCardinality>
<sourceEntity>2A4D1026-EE69-C287-4B52-BDB03D44CE43</sourceEntity>
<targetCardinalityString>*</targetCardinalityString>
<targetEntity>0EA787F3-620F-8A29-6554-1E23F3ABFF40</targetEntity>
<transferable>true</transferable>
<deleteRule>NO ACTION</deleteRule>
</Relation>