<?xml version = '1.0' encoding = 'UTF-8'?>
<Relation class="oracle.dbtools.crest.model.design.logical.Relation" name="Relation_13" directorySegmentName="seg_0" id="D3D2238D-45CF-4A3A-BD16-1D86F2C04280">
<createdBy>mnrk</createdBy>
<createdTime>2019-03-28 12:39:13 UTC</createdTime>
<ownerDesignName>amc</ownerDesignName>
<engineerTo>
<item key="4D5926C0-73A0-2A1E-5CAE-02026ED3FC35" value="true"/>
</engineerTo>
<identifying>false</identifying>
<nameOnSource>ma</nameOnSource>
<nameOnTarget>je hrany</nameOnTarget>
<optionalSource>true</optionalSource>
<optionalTarget>true</optionalTarget>
<sourceCardinality>*</sourceCardinality>
<sourceEntity>2A4D1026-EE69-C287-4B52-BDB03D44CE43</sourceEntity>
<targetCardinalityString>*</targetCardinalityString>
<targetEntity>D742E25E-BA3D-BFA1-2C75-29969E2BBEB6</targetEntity>
<transferable>true</transferable>
<deleteRule>NO ACTION</deleteRule>
</Relation>