<?xml version = '1.0' encoding = 'UTF-8'?>
<Relation class="oracle.dbtools.crest.model.design.logical.Relation" name="hod_manazer_byva_na" directorySegmentName="seg_0" id="DA18B593-E0FD-E44A-AE46-B48F131FA1C2">
<createdBy>mnrk</createdBy>
<createdTime>2019-03-28 11:44:03 UTC</createdTime>
<ownerDesignName>amc</ownerDesignName>
<engineerTo>
<item key="4D5926C0-73A0-2A1E-5CAE-02026ED3FC35" value="true"/>
</engineerTo>
<sourcePk>242D6442-F169-CDF6-846F-F33B7C0A1078</sourcePk>
<identifying>false</identifying>
<nameOnTarget>byva na</nameOnTarget>
<optionalSource>true</optionalSource>
<optionalTarget>false</optionalTarget>
<sourceCardinality>1</sourceCardinality>
<sourceEntity>4CD06EFD-07A9-27D9-0014-A74E42A1B0EE</sourceEntity>
<targetCardinalityString>*</targetCardinalityString>
<targetEntity>28C38900-CD05-91F2-B3A6-8299AFC1C5CB</targetEntity>
<transferable>true</transferable>
<deleteRule>NO ACTION</deleteRule>
</Relation>