<?xml version = '1.0' encoding = 'UTF-8'?>
<Relation class="oracle.dbtools.crest.model.design.logical.Relation" name="vybavuje" directorySegmentName="seg_0" id="DF48D95B-7DC1-EAD6-2EA5-E6100C209C68">
<createdBy>mnrk</createdBy>
<createdTime>2019-03-28 10:17:07 UTC</createdTime>
<ownerDesignName>amc</ownerDesignName>
<engineerTo>
<item key="4D5926C0-73A0-2A1E-5CAE-02026ED3FC35" value="true"/>
</engineerTo>
<sourcePk>333BE0BB-E164-2D5F-8BC5-17C47966A3A9</sourcePk>
<identifying>false</identifying>
<nameOnSource>vybavuje</nameOnSource>
<optionalSource>true</optionalSource>
<optionalTarget>false</optionalTarget>
<sourceCardinality>1</sourceCardinality>
<sourceEntity>28C38900-CD05-91F2-B3A6-8299AFC1C5CB</sourceEntity>
<targetCardinalityString>*</targetCardinalityString>
<targetEntity>8375CAF9-620C-A742-D0CE-18DF83D0EC17</targetEntity>
<transferable>true</transferable>
<deleteRule>NO ACTION</deleteRule>
</Relation>