<?xml version = '1.0' encoding = 'UTF-8'?>
<Relation class="oracle.dbtools.crest.model.design.logical.Relation" name="moze_byt_d" directorySegmentName="seg_0" id="E584D5E3-108B-845D-97C7-00338270578A">
<createdBy>mnrk</createdBy>
<createdTime>2019-03-28 10:03:27 UTC</createdTime>
<ownerDesignName>amc</ownerDesignName>
<engineerTo>
<item key="4D5926C0-73A0-2A1E-5CAE-02026ED3FC35" value="true"/>
</engineerTo>
<sourcePk>5678B582-A2E8-1091-F3A1-3E27420CE94F</sourcePk>
<dominantRole>9518589C-33FF-D3B2-1A62-77C5C7F18798</dominantRole>
<identifying>true</identifying>
<nameOnSource>moze_byt</nameOnSource>
<optionalSource>true</optionalSource>
<optionalTarget>false</optionalTarget>
<sourceCardinality>1</sourceCardinality>
<sourceEntity>9518589C-33FF-D3B2-1A62-77C5C7F18798</sourceEntity>
<targetCardinalityString>1</targetCardinalityString>
<targetEntity>4027876F-D738-DDCC-7999-218B09B2786C</targetEntity>
<transferable>true</transferable>
<deleteRule>NO ACTION</deleteRule>
</Relation>